141,157,219,260,273,356,517,549,613,644,775,793,801,864,887,890,932,946,1052,1076,1126,1291,1392,1403,1482,1512,1555,1563,1744,1823,1920,2047,2052,2254,2265,2302,2316,2329,2341,2504,2647,2728,2784,3089,3132,3232,3254,3293,3361,3386,3525,3626,3781,3848,3967,3969,3986,4090,4109,4321,4449,4619,4645,4681,4929,4994,5030,5115,5116,5156,5173,5199,5257,5322,5334,5461,5595,5845,5850,5994,6120,6190,6217,6247,6414,6487,6575,6596,6638,6642,6725,6733,6830,6911,6947,7007,7019,7028,7041,7054,7085,7100,7161,7192,7259,7306,7378,7390,7451,7642,7647,7950,7973,8014,8083,8128,8182,8204,8318,8346,8359,8527,8791,8852,8870,8924,8930,9015,9029,9049,9094,9159,9264,9318,9405,9585,9639,9734,9746,9760,9795,9983,
174,18,35,88,99,106,250,253,283,316,388,469,504,587,622,646,701,750,762,873,918,944,976,1093,1099,1110,1151,1290,1339,1348,1611,1809,1810,1865,2041,2070,2081,2121,2193,2207,2222,2242,2258,2260,2266,2435,2443,2475,2477,2513,2519,2569,2602,2616,2698,2725,2867,2881,2894,2927,3072,3100,3122,3147,3227,3276,3282,3311,3389,3397,3452,3504,3571,3612,3615,3622,3667,3702,3704,3731,3758,3779,3814,3918,3979,4119,4126,4160,4227,4236,4294,4371,4375,4561,4592,4660,4705,4762,4780,4800,4818,4890,4931,4965,5054,5114,5233,5411,5425,5568,5620,5665,5684,5795,5820,5838,5852,5966,5970,5977,5986,5997,6195,6272,6293,6615,6622,6637,6651,6758,6828,6936,6980,7227,7302,7393,7478,7492,7507,7561,7620,7754,7822,7926,8042,8071,8095,8164,8170,8205,8223,8243,8260,8482,8508,8532,8538,8625,8711,8777,8816,8863,8966,8974,8994,9017,9151,9161,9365,9373,9479,9627,9660,9830,9968,
177,121,124,164,236,336,491,604,610,636,727,773,815,833,865,915,961,964,971,1012,1066,1078,1094,1113,1134,1217,1227,1242,1387,1401,1414,1445,1464,1529,1540,1546,1559,1575,1589,1657,1691,1702,1764,1854,1856,1878,1897,2164,2273,2334,2432,2488,2493,2532,2695,2708,2714,2723,2773,2800,2986,3052,3058,3151,3209,3219,3243,3356,3373,3385,3406,3433,3606,3656,3788,3795,3804,3863,3876,3898,3973,3989,3993,4181,4199,4223,4226,4316,4350,4362,4535,4661,4670,4671,4761,4838,4863,4985,5067,5191,5207,5217,5222,5223,5366,5382,5538,5540,5586,5726,5775,5826,5969,5991,6131,6222,6223,6242,6255,6303,6317,6322,6336,6383,6392,6411,6602,6618,6680,6724,6883,6886,6924,7013,7038,7114,7160,7193,7217,7417,7518,7520,7536,7674,7712,7741,7849,7919,8189,8323,8364,8426,8461,8773,8785,8789,8911,8965,8978,8998,9014,9023,9031,9047,9126,9149,9165,9390,9454,9458,9555,9572,9593,9619,9770,9907,9923,9969,
144,112,165,192,212,217,240,338,341,440,468,523,588,824,907,959,996,997,1027,1120,1174,1232,1235,1267,1271,1399,1602,1625,1770,1782,1863,1973,2031,2032,2135,2395,2415,2456,2546,2584,2654,2782,2792,2815,2924,3021,3073,3211,3323,3327,3417,3502,3552,3580,3630,3634,3653,3680,3792,3832,3842,3878,3907,3911,4245,4553,4618,4758,4767,4842,4849,4932,4943,4996,5014,5016,5245,5328,5359,5365,5413,5495,5527,5657,5675,5782,5860,5932,5972,6143,6337,6368,6452,6584,6636,6700,6838,6866,6877,6987,6999,7026,7189,7271,7358,7372,7444,7521,7618,7693,7694,7791,7793,7859,7922,7976,8062,8093,8168,8390,8423,8549,8552,8568,8683,8760,8834,8869,8895,8906,8964,9012,9063,9107,9303,9332,9339,9385,9484,9503,9643,9724,9796,9802,9944,
153,11,46,52,122,198,248,263,374,495,497,522,583,671,807,911,917,945,1072,1085,1098,1128,1204,1205,1337,1378,1516,1561,1596,1613,1661,1663,1700,1783,1816,1870,1931,1963,1980,2017,2056,2129,2171,2186,2286,2486,2547,2588,2593,2604,2618,2655,2701,2875,3055,3157,3162,3207,3234,3237,3263,3290,3319,3384,3395,3477,3819,3913,3926,3928,3941,3975,4075,4104,4140,4212,4216,4326,4376,4431,4456,4542,4604,4630,4656,4876,5000,5042,5069,5103,5388,5457,5550,5579,5756,5776,5824,5921,6058,6070,6133,6148,6199,6233,6258,6265,6281,6443,6894,6973,7035,7079,7084,7116,7337,7474,7499,7544,7570,7666,7746,7766,7854,7921,8100,8190,8193,8309,8351,8372,8439,8458,8477,8485,8578,8706,8766,8811,8822,8996,9022,9046,9062,9288,9314,9402,9497,9658,9681,9713,9871,9894,9929,9948,
169,34,41,113,267,271,320,500,548,576,794,870,900,985,988,1071,1092,1147,1172,1261,1398,1411,1426,1446,1514,1552,1553,1576,1593,1724,1743,1786,1921,1928,2104,2109,2115,2315,2317,2387,2429,2479,2496,2520,2594,2734,2788,2820,2851,2878,2967,2984,3001,3048,3080,3163,3166,3189,3223,3260,3429,3524,3594,3727,3828,3980,3992,4145,4159,4180,4186,4201,4280,4310,4341,4352,4494,4526,4578,4684,4775,4810,4829,4856,4898,4901,4903,4942,4974,5035,5089,5272,5275,5329,5349,5416,5419,5434,5449,5520,5563,5592,5629,5643,5705,5741,5752,5808,5813,6082,6087,6174,6179,6382,6387,6425,6815,6903,6942,6965,7003,7010,7046,7119,7154,7447,7469,7565,7630,7634,7644,7697,7723,7769,7842,7895,7908,7942,8038,8326,8400,8501,8580,8630,8701,8797,8827,8858,8920,9120,9137,9239,9261,9336,9358,9453,9529,9563,9567,9611,9664,9744,9767,9801,9850,9851,9853,9971,9986,9990,
146,0,74,91,161,224,305,342,350,369,377,393,437,505,565,626,655,730,849,863,941,1040,1057,1106,1124,1162,1180,1263,1312,1637,1707,1965,1966,2006,2024,2053,2149,2194,2217,2294,2337,2393,2406,2419,2565,2595,2638,2645,2752,2759,2765,2793,2893,2977,3041,3159,3205,3238,3283,3334,3507,3547,3561,3635,3710,3845,3894,3900,3908,3963,4182,4237,4306,4333,4395,4436,4466,4519,4593,4594,4710,4828,5004,5096,5166,5229,5311,5331,5407,5623,5635,5660,5765,5895,5918,6270,6297,6302,6400,6493,6498,6574,6604,6664,6713,6748,6819,6938,6948,7009,7150,7263,7522,7566,7602,7651,7861,7889,7947,8002,8057,8208,8246,8304,8336,8353,8447,8499,8536,8666,8670,8685,8693,8695,8840,8904,9199,9252,9350,9411,9426,9477,9602,9670,9868,9946,9985,
165,45,84,115,186,210,337,396,458,590,595,599,716,718,922,942,958,1063,1136,1142,1189,1190,1248,1440,1443,1448,1478,1485,1500,1510,1531,1549,1667,2021,2152,2185,2197,2213,2216,2261,2279,2378,2511,2530,2587,2707,2884,2918,2931,3049,3057,3082,3130,3154,3187,3201,3222,3292,3352,3427,3539,3673,3752,3899,4027,4058,4078,4081,4102,4105,4137,4162,4169,4217,4260,4267,4354,4420,4495,4511,4541,4781,4878,4886,4948,5071,5110,5146,5150,5181,5268,5273,5286,5439,5453,5458,5518,5663,5695,5949,5968,5987,6084,6150,6170,6189,6207,6524,6525,6566,6661,6676,6790,6792,6796,6807,7040,7130,7201,7209,7219,7402,7413,7460,7461,7489,7510,7562,7585,7590,7593,7621,7660,7787,7796,7838,8058,8213,8231,8271,8338,8350,8371,8389,8406,8548,8956,9024,9050,9081,9156,9164,9260,9267,9313,9323,9505,9535,9665,9718,9762,9870,9873,9876,9945,9978,
149,97,123,125,135,293,300,690,693,696,720,938,981,1000,1152,1192,1200,1382,1441,1480,1501,1584,1672,1734,1750,1977,2028,2074,2191,2209,2241,2300,2699,2755,2757,2823,2861,2937,3102,3121,3140,3229,3261,3329,3401,3416,3418,3490,3546,3616,3663,4046,4125,4147,4206,4238,4276,4345,4379,4398,4430,4487,4517,4596,4650,4834,4897,4905,4909,4935,5043,5099,5167,5337,5451,5706,5823,5836,5859,5907,5922,6169,6273,6279,6407,6532,6650,6677,6704,6708,6804,6808,6829,6945,6969,7172,7176,7254,7257,7406,7414,7486,7505,7625,7652,7810,7820,7910,7981,8092,8119,8132,8173,8195,8211,8225,8252,8270,8360,8392,8427,8432,8464,8643,8654,8672,8740,8748,8778,8784,8986,9034,9051,9153,9298,9354,9366,9387,9410,9466,9516,9551,9635,9644,9654,9776,9883,9892,9919,9987,
154,56,85,168,173,285,306,345,447,480,618,634,763,1109,1114,1157,1268,1383,1556,1614,1684,1765,1775,1868,1871,1900,1919,1983,2049,2389,2390,2465,2489,2644,2731,2758,2795,2842,2846,2961,3078,3119,3169,3225,3245,3281,3510,3584,3599,3717,3771,3780,3791,3799,3801,3856,3923,3966,4023,4052,4067,4123,4154,4336,4337,4358,4402,4428,4435,4505,4560,4607,4750,4826,4852,5024,5157,5175,5201,5204,5280,5473,5571,5892,5980,6013,6073,6186,6214,6240,6333,6343,6364,6471,6516,6521,6531,6692,6718,6722,6779,6786,6788,6802,6844,6895,6912,6943,6949,7005,7093,7127,7164,7185,7205,7272,7295,7317,7430,7476,7517,7977,8088,8197,8217,8337,8366,8410,8479,8535,8558,8583,8617,8621,8699,8703,8725,8787,8915,8999,9168,9207,9235,9308,9324,9359,9388,9407,9461,9483,9645,9722,9755,9774,9782,
154,4,53,131,136,195,432,451,459,531,608,631,748,771,835,839,840,1081,1202,1276,1279,1322,1432,1582,1632,1711,1721,1768,1774,1781,1811,1819,1892,1902,2018,2068,2150,2192,2225,2247,2252,2336,2346,2408,2625,2648,2675,2777,2790,2810,2853,2888,2910,3069,3144,3190,3335,3337,3364,3394,3424,3435,3440,3475,3514,3658,3733,3748,3772,3875,3880,3882,4016,4017,4068,4084,4176,4357,4468,4523,4565,4629,4637,4653,4745,4814,4968,5056,5100,5168,5243,5264,5300,5303,5477,5489,5662,5687,5720,5761,5778,5914,5939,5941,6001,6061,6228,6257,6321,6361,6366,6369,6457,6501,6547,6581,6611,6774,6816,6972,7105,7308,7508,7545,7632,7804,7986,8015,8127,8185,8256,8288,8307,8502,8526,8648,8656,8689,8768,8838,8912,8940,8979,9090,9150,9191,9233,9300,9472,9504,9527,9640,9683,9749,9819,
158,6,82,107,176,307,449,526,602,607,652,679,682,777,786,891,939,1006,1021,1097,1156,1165,1182,1241,1343,1587,1622,1688,1777,1831,1867,1924,1974,2010,2011,2106,2114,2215,2278,2297,2349,2377,2403,2424,2464,2515,2688,2737,2739,2776,2860,2923,3117,3128,3407,3489,3497,3515,3657,3707,3714,3773,3808,3834,3958,3964,4074,4124,4171,4213,4274,4327,4429,4695,4770,4779,4785,4813,4865,4981,4988,5060,5076,5151,5194,5259,5559,5565,5589,5624,5673,5694,5739,5744,5749,5767,5786,5843,5887,5937,6104,6112,6155,6164,6192,6196,6386,6654,6898,6960,6967,7095,7102,7136,7173,7279,7351,7387,7453,7512,7581,7587,7609,7640,7726,7808,7949,8028,8037,8046,8181,8194,8212,8245,8282,8287,8504,8662,8850,8857,8881,8922,8928,8983,9013,9069,9146,9289,9338,9363,9384,9514,9592,9622,9676,9679,9731,9950,9955,
175,9,139,182,259,319,366,414,422,452,510,533,592,625,638,779,802,826,838,869,881,898,952,1118,1226,1239,1265,1340,1437,1472,1598,1634,1641,1699,1708,1758,1808,2016,2199,2202,2204,2239,2256,2257,2350,2508,2558,2599,2623,2660,2704,2719,2756,2836,2838,2877,2995,3000,3017,3465,3483,3532,3562,3565,3711,3753,3813,3820,3859,3861,4022,4112,4142,4192,4208,4343,4347,4361,4480,4536,4544,4552,4576,4583,4602,4727,4804,4889,4957,4971,5011,5075,5080,5197,5198,5308,5327,5433,5644,5667,5735,5863,5866,5884,6117,6304,6419,6472,6542,6556,6595,6763,6769,6800,6849,6941,6978,7012,7202,7287,7301,7325,7331,7357,7397,7422,7611,7771,7858,7938,7993,8004,8094,8131,8153,8183,8258,8301,8363,8413,8589,8638,8673,8679,8796,8810,8939,8950,8959,8971,8976,9105,9129,9186,9188,9209,9223,9247,9292,9356,9406,9424,9467,9521,9581,9675,9696,9715,9771,9783,9897,9904,9909,9938,9957,9962,
178,66,92,134,155,166,183,223,310,351,355,420,424,486,594,715,766,825,832,909,999,1009,1017,1137,1158,1210,1218,1285,1287,1300,1442,1461,1470,1513,1578,1591,1796,1879,2023,2026,2073,2075,2145,2205,2306,2313,2344,2472,2505,2533,2536,2538,2559,2570,2590,2738,2753,2769,2801,2832,2932,2978,3203,3297,3461,3479,3566,3631,3689,3766,3823,4004,4072,4094,4096,4120,4146,4148,4390,4437,4459,4460,4485,4496,4577,4734,4796,4954,5031,5057,5082,5092,5117,5135,5192,5285,5332,5361,5444,5462,5470,5479,5544,5548,5549,5580,5698,5805,5816,5827,5880,5910,5928,6006,6033,6051,6064,6092,6176,6250,6412,6420,6469,6515,6550,6567,6674,6735,6776,6801,6861,7171,7368,7382,7532,7573,7653,7670,7671,7706,7740,7743,7779,7840,7875,7898,7958,8005,8012,8107,8166,8344,8358,8460,8671,8726,8739,8776,8805,8860,8866,8953,8972,8980,9099,9227,9245,9266,9355,9380,9429,9502,9526,9539,9613,9663,9899,9941,9998,
173,7,24,33,39,220,427,473,494,499,556,645,702,723,983,1064,1068,1111,1171,1213,1246,1281,1298,1303,1359,1371,1380,1475,1488,1539,1564,1579,1697,1701,1806,1825,1840,1849,1935,1950,2020,2122,2224,2267,2330,2385,2413,2490,2601,2615,2656,2703,2713,2814,2862,2928,3084,3168,3173,3220,3248,3295,3472,3493,3583,3614,3666,3701,3735,3946,3962,3974,3994,4033,4252,4263,4344,4463,4579,4701,4756,4827,4840,4891,4941,4966,4980,5029,5059,5145,5154,5261,5354,5386,5498,5511,5613,5655,5750,5789,5833,5877,5905,5947,5971,5985,6025,6039,6085,6097,6123,6138,6230,6432,6477,6613,6627,6646,6719,6789,6957,6985,6998,7027,7109,7151,7245,7367,7385,7482,7514,7546,7599,7722,7755,7765,7846,7905,7965,8026,8090,8169,8178,8322,8349,8357,8399,8438,8570,8606,8620,8639,8734,9028,9076,9174,9238,9418,9437,9440,9459,9510,9598,9633,9726,9747,9753,9756,9780,9825,9880,9886,9889,9992,
166,25,140,230,265,298,389,430,513,527,566,831,893,934,954,1024,1055,1088,1160,1264,1367,1375,1385,1394,1467,1547,1566,1594,1636,1690,1712,1732,1792,1833,1837,1929,1939,2000,2027,2118,2138,2203,2223,2226,2246,2357,2404,2416,2457,2563,2620,2690,2697,2716,2817,2885,3004,3075,3115,3353,3476,3526,3609,3679,3774,3789,3815,4095,4172,4209,4225,4434,4531,4627,4657,4712,4741,4853,4990,5049,5137,5141,5226,5290,5296,5299,5403,5405,5442,5448,5491,5507,5509,5564,5591,5596,5601,5727,5755,5791,5796,5846,5871,5900,5960,6032,6059,6093,6114,6166,6182,6278,6339,6490,6529,6797,6890,6902,6959,7179,7194,7291,7320,7327,7336,7424,7464,7601,7696,7708,7735,7782,7799,7883,7885,8029,8070,8239,8321,8327,8445,8528,8540,8678,8775,8795,8877,8917,9018,9201,9211,9213,9217,9364,9367,9377,9420,9455,9523,9575,9576,9708,9768,9832,9845,9854,9982,
139,61,70,81,201,296,381,543,574,591,659,668,722,871,872,1026,1070,1214,1225,1347,1357,1415,1463,1476,1492,1503,1669,1728,1997,2087,2331,2555,2657,2683,2775,2786,2808,2827,2855,2865,3181,3363,3383,3521,3563,3570,3582,3598,3688,3724,3742,3755,3838,3884,4015,4230,4266,4289,4318,4324,4421,4447,4450,4562,4563,4610,4636,4768,4950,5186,5200,5214,5234,5237,5246,5309,5323,5341,5342,5348,5401,5455,5561,5649,5770,5901,5931,6002,6095,6168,6202,6410,6496,6569,6633,6640,6655,6662,6768,6880,6977,7018,7047,7062,7097,7137,7139,7146,7236,7339,7446,7448,7548,7588,7628,7752,7825,7860,7892,7939,7978,8078,8081,8220,8249,8292,8478,8546,8723,8871,8907,9072,9111,9124,9265,9441,9603,9719,9865,9942,
146,15,40,244,252,353,525,563,564,579,617,703,737,1013,1032,1089,1104,1306,1315,1479,1544,1651,1656,1676,1687,1737,1748,1906,1934,2036,2042,2170,2175,2324,2653,2696,2806,2852,3024,3045,3098,3103,3142,3188,3228,3249,3301,3320,3396,3414,3467,3527,3713,3715,3831,3833,3857,4026,4048,4089,4132,4187,4189,4218,4386,4537,4692,4696,4717,4733,4754,4795,4860,4908,4928,4934,4964,4972,5005,5032,5346,5582,5691,5721,5736,5821,5864,5989,6063,6096,6099,6268,6341,6352,6370,6503,6508,6535,6621,6635,6690,6810,6932,6952,7004,7043,7157,7383,7408,7420,7498,7661,7668,7689,7739,7783,7790,7827,7915,7969,8009,8111,8192,8269,8303,8305,8355,8551,8584,8690,8724,8738,8944,9033,9155,9160,9263,9325,9330,9401,9513,9553,9571,9668,9743,9828,9882,
166,174,196,256,326,433,463,488,639,680,687,731,780,783,819,1008,1044,1129,1203,1230,1326,1332,1406,1462,1548,1619,1736,1858,1946,1954,1981,2066,2086,2103,2110,2120,2371,2407,2417,2468,2535,2706,2843,2890,2949,2955,2970,3003,3079,3136,3139,3345,3347,3360,3379,3441,3466,3496,3607,3623,3676,3681,3747,3903,3971,4086,4196,4231,4314,4338,4372,4444,4475,4477,4529,4554,4623,4666,4675,4686,4819,4866,4949,5028,5079,5120,5170,5184,5265,5297,5360,5404,5653,5709,5773,5819,5841,5889,5906,5911,5943,5961,5965,6014,6041,6108,6154,6239,6323,6346,6354,6509,6570,6614,6694,6727,6773,6778,7155,7278,7314,7375,7433,7572,7663,7871,7902,8017,8044,8110,8140,8302,8380,8416,8446,8456,8469,8481,8530,8541,8560,8610,8663,8697,8709,8736,8752,8948,9020,9121,9141,9179,9181,9302,9482,9500,9534,9674,9711,9758,9764,9806,9809,9943,9947,9960,9996,
162,5,48,258,275,352,373,406,450,453,508,554,572,664,698,778,795,859,880,895,904,921,925,960,1258,1282,1318,1541,1590,1767,1885,1901,1937,1938,1958,2025,2119,2195,2198,2319,2401,2560,2607,2636,2764,2798,3060,3088,3183,3221,3382,3403,3456,3482,3492,3581,3668,3685,3762,3782,4041,4113,4129,4153,4241,4244,4253,4255,4278,4374,4377,4378,4419,4425,4522,4615,4634,4677,4730,4764,4783,4851,4921,4967,5025,5183,5221,5242,5324,5353,5468,5534,5604,5606,5828,5891,5909,5915,5954,5964,6274,6310,6450,6522,6563,6591,6623,6647,6666,6717,6737,6765,6775,6794,6809,6840,6858,6925,7031,7045,7131,7177,7180,7214,7365,7409,7584,7600,7702,7788,7789,7901,7930,7961,8034,8099,8149,8259,8431,8601,8626,8798,8809,8828,8894,8934,8937,8970,9009,9131,9185,9203,9322,9442,9530,9597,9682,9687,9808,9869,9928,9984,9997,
168,38,159,235,242,286,417,470,519,530,532,651,706,707,734,736,749,789,814,950,984,992,1035,1041,1075,1195,1270,1395,1431,1474,1569,1605,1644,1681,1694,1788,1799,1814,1907,1918,1944,2169,2234,2236,2248,2301,2380,2462,2467,2476,2482,2484,2556,2606,2674,2711,2718,2811,3014,3064,3528,3534,3536,3604,3632,3637,3738,3947,3976,4070,4099,4107,4228,4229,4311,4356,4498,4516,4633,4679,4687,4737,4771,4776,4825,4859,4944,4961,4992,5002,5020,5292,5367,5408,5438,5467,5496,5500,5593,5851,5982,6159,6178,6253,6264,6284,6296,6329,6375,6545,6683,6767,6812,6832,6834,6878,6900,6986,7133,7162,7243,7253,7265,7276,7345,7388,7432,7549,7555,7605,7613,7730,7738,7836,7841,7909,7935,8007,8039,8075,8113,8167,8296,8348,8382,8391,8453,8664,8665,8718,8727,8743,8807,8875,8961,9006,9167,9180,9192,9244,9301,9368,9412,9439,9447,9512,9628,9902,9974,
148,311,418,475,518,621,669,691,729,817,860,914,987,1030,1260,1275,1571,1725,1791,1832,1888,1889,1936,1952,1978,1989,2012,2054,2221,2244,2308,2412,2440,2470,2499,2668,2705,2736,2780,2781,3029,3030,3250,3252,3299,3377,3405,3474,3619,3629,3647,3672,3677,3764,3837,3977,4136,4183,4257,4351,4411,4423,4453,4455,4598,4631,4665,4698,4736,4833,4918,4984,5064,5131,5174,5219,5398,5487,5531,5541,5575,5588,5610,5697,5743,5747,5769,5772,5803,5835,5857,5858,5963,6007,6023,6132,6229,6305,6308,6332,6424,6466,6470,6476,6510,6572,6601,6701,6721,6814,6850,7034,7080,7125,7159,7187,7215,7238,7426,7491,7496,7523,7559,7575,7705,7717,7865,7877,7989,8033,8063,8085,8087,8188,8254,8312,8444,8515,8737,8741,9057,9070,9295,9421,9474,9778,9821,9874,9913,
165,28,51,79,172,241,303,312,317,348,364,365,524,534,743,884,905,940,974,991,1019,1053,1060,1077,1116,1133,1140,1220,1221,1278,1362,1372,1528,1550,1766,1838,1893,1988,1994,2022,2172,2325,2328,2543,2637,2640,2672,2702,2849,2976,2979,3077,3170,3280,3398,3431,3450,3596,3640,3651,3719,3862,3865,3871,3881,3883,4002,4135,4323,4391,4396,4408,4502,4586,4882,4917,5003,5048,5086,5128,5129,5159,5247,5291,5347,5356,5369,5375,5406,5443,5466,5602,5650,5945,6004,6147,6238,6349,6357,6413,6416,6417,6518,6597,6641,6672,6685,6686,6709,6744,6766,6787,6799,6874,7015,7065,7110,7186,7213,7229,7246,7294,7340,7346,7415,7452,7503,7506,7511,7568,7576,7833,7966,8030,8112,8116,8121,8139,8263,8279,8414,8415,8563,8749,8815,8892,9061,9170,9274,9275,9285,9304,9423,9528,9620,9636,9712,9728,9761,9803,9829,9879,9908,9935,9952,9965,
154,17,27,225,411,419,456,465,546,598,629,800,851,936,949,979,1096,1103,1164,1184,1390,1456,1496,1846,1932,2030,2249,2299,2372,2442,2451,2452,2603,2631,2662,2664,2689,2732,2741,2770,2813,2882,2947,2956,2994,3093,3116,3176,3235,3268,3313,3348,3573,3600,3613,3822,3860,3877,3885,3901,3944,3953,3954,3957,4014,4050,4077,4092,4268,4573,4581,4582,4632,4655,4690,4809,4812,4877,4896,4947,5052,5101,5139,5148,5189,5193,5241,5278,5340,5371,5617,5625,5810,5832,5893,5913,6019,6181,6313,6358,6468,6484,6495,6559,6616,6619,6652,6657,6679,6761,6772,6813,6818,7002,7016,7032,7115,7169,7235,7247,7255,7332,7396,7553,7563,7675,7718,7742,7768,7851,7934,8048,8160,8521,8524,8607,8642,8717,8820,8880,8918,9102,9123,9145,9309,9345,9395,9522,9587,9616,9667,9843,9910,9991,9994,
139,95,179,234,243,245,294,360,454,472,660,663,684,803,977,1073,1231,1244,1333,1346,1502,1581,1600,1642,1720,1751,1805,1821,1848,1905,1909,1948,1961,2048,2051,2057,2060,2063,2200,2240,2335,2428,2460,2596,2612,2658,2824,3027,3070,3206,3218,3271,3296,3324,3343,3381,3445,3481,3486,3529,3540,3577,3587,3638,3759,3827,3919,4087,4138,4234,4307,4320,4370,4414,4831,4982,5055,5227,5289,5362,5525,5844,5861,5925,5929,5935,5951,6136,6276,6404,6620,6771,6939,6971,6988,7023,7049,7312,7354,7392,7443,7519,7591,7592,7645,7669,7759,7872,7936,8036,8233,8244,8280,8317,8347,8561,8668,8694,8761,8764,8814,8826,8849,8874,8936,8941,8955,9026,9066,9075,9184,9198,9371,9378,9431,9445,9594,9823,9835,9924,
119,32,54,144,262,290,410,487,502,503,511,569,597,603,745,785,805,846,1188,1295,1396,1434,1444,1457,1603,1640,1664,1800,1877,1899,1917,2250,2589,2633,2789,2934,3011,3018,3083,3259,3274,3294,3331,3371,3649,3650,3706,3754,3867,3983,4059,4064,4065,4114,4272,4290,4381,4397,4626,4699,4721,4728,4778,4872,4913,5250,5395,5505,5508,5532,5603,5618,5853,5938,6040,6071,6102,6180,6251,6351,6391,6401,6950,6964,7025,7132,7175,7285,7370,7627,7664,7686,7695,7701,7748,7823,7899,8000,8051,8061,8125,8273,8425,8487,8637,8646,8844,9100,9224,9237,9269,9414,9556,9725,9769,9840,9895,9898,9900,9999,
149,12,26,114,302,304,520,681,711,719,848,850,885,903,1042,1043,1219,1363,1379,1389,1498,1742,2033,2342,2388,2491,2628,2650,2727,2735,2833,2886,2921,3143,3153,3437,3564,3585,3608,3694,3817,3937,3959,4024,4157,4224,4298,4387,4392,4400,4484,4508,4952,4970,5009,5015,5034,5142,5195,5255,5274,5384,5485,5554,5587,5599,5631,5707,5766,5903,6056,6144,6171,6183,6307,6362,6389,6406,6442,6446,6456,6478,6506,6645,6665,6707,6743,6749,6820,6835,6884,6908,6910,6921,6944,6955,7000,7076,7088,7149,7218,7239,7289,7293,7348,7363,7418,7493,7745,7747,7781,7821,7869,7870,7893,7896,7948,7953,7962,7971,7972,7997,8091,8175,8199,8201,8401,8450,8489,8614,8720,8790,8825,8893,8902,8909,8935,8942,9008,9058,9113,9221,9240,9297,9419,9508,9552,9618,9912,9988,
144,16,19,20,65,69,109,119,207,318,441,615,782,810,828,902,963,1039,1048,1049,1062,1101,1179,1252,1256,1272,1307,1407,1416,1468,1506,1567,1618,1762,1776,1784,1807,1826,1857,2055,2219,2264,2268,2333,2370,2398,2635,2691,2748,2799,2850,2895,2905,2954,3006,3015,3046,3164,3167,3357,3554,3558,3662,3698,3767,3775,3811,3858,4233,4279,4319,4342,4513,4545,4649,4914,4979,5007,5118,5119,5236,5269,5490,5533,5539,5555,5578,5639,5718,5754,5759,5762,5988,6191,6299,6465,6497,6644,6659,6671,6705,6817,6845,6863,6896,6982,6994,7063,7069,7352,7374,7480,7501,7538,7725,7811,7878,8052,8101,8159,8422,8440,8579,8627,8660,8677,8783,8829,8842,8919,8926,9089,9169,9176,9277,9319,9408,9478,9506,9547,9702,9705,9791,9933,9953,
156,83,105,147,163,200,211,232,266,384,394,443,498,578,657,661,695,733,1153,1166,1212,1319,1491,1542,1617,1723,1834,1882,2093,2237,2253,2382,2474,2550,2597,2619,2726,2745,3043,3109,3148,3251,3258,3286,3309,3326,3362,3368,3412,3436,3487,3523,3531,3559,3729,3757,3765,3787,3886,3902,4034,4130,4155,4164,4297,4483,4504,4538,4555,4559,4697,4811,4841,4845,5013,5084,5127,5147,5169,5172,5220,5248,5256,5499,5524,5605,5745,5785,5788,5849,6045,6052,6068,6141,6149,6160,6167,6197,6320,6433,6629,6823,6827,6854,6856,6857,6870,6927,6984,7087,7118,7188,7225,7237,7260,7269,7412,7484,7500,7579,7606,7798,7863,8032,8102,8141,8257,8335,8543,8591,8650,8753,8846,8947,8990,9044,9045,9117,9142,9286,9290,9293,9357,9399,9449,9486,9493,9560,9604,9610,9612,9615,9860,9903,9920,9949,9956,
152,1,63,145,150,274,321,362,401,477,493,901,1011,1023,1127,1130,1161,1428,1551,1557,1560,1665,1671,1757,1793,1847,1947,1960,2007,2400,2450,2487,2580,2754,2774,2933,2936,3042,3125,3272,3279,3325,3409,3451,3454,3602,3617,3621,3784,3843,3935,3943,3948,3970,4043,4101,4222,4282,4349,4353,4427,4471,4749,4789,4803,4820,4871,4910,5062,5105,5113,5320,5437,5557,5569,5572,5628,5652,5758,5984,6103,6122,6153,6172,6218,6224,6225,6243,6246,6271,6275,6301,6318,6371,6554,6603,6785,6855,6889,6961,7083,7203,7307,7344,7353,7364,7445,7465,7488,7683,7687,7734,7772,7784,7805,7812,7830,7855,7913,8069,8074,8129,8151,8172,8386,8566,8750,8758,8804,8868,8905,8946,8962,8982,9048,9077,9083,9104,9136,9382,9391,9444,9550,9596,9662,9727,9826,9831,9887,9921,9964,9967,9973,
157,78,120,133,264,308,332,378,438,544,557,559,861,951,1018,1148,1313,1369,1405,1435,1438,1451,1515,1525,1537,1545,1629,1685,1718,1761,1779,1850,1976,1986,1990,2034,2083,2092,2173,2276,2321,2343,2478,2481,2605,2646,2679,2747,2889,2897,3050,3090,3124,3135,3156,3180,3239,3378,3390,3399,3478,3484,3589,3646,3708,3778,3835,4165,4190,4304,4305,4441,4467,4601,4609,4614,4713,4817,4821,4916,4986,4997,5058,5107,5293,5305,5335,5357,5383,5392,5537,5542,5545,5781,5870,5879,6090,6129,6142,6241,6294,6367,6507,6587,6875,6953,6962,7098,7174,7275,7296,7369,7458,7539,7699,7770,7809,7826,7843,7914,7925,8060,8138,8150,8187,8299,8308,8311,8377,8397,8531,8592,8608,8624,8710,8781,8859,8925,8969,9039,9127,9205,9255,9256,9284,9349,9393,9436,9448,9525,9624,9625,9642,9655,9706,9721,9772,9905,
156,50,204,539,612,670,677,686,747,788,913,968,995,1074,1083,1107,1122,1167,1186,1193,1234,1430,1534,1543,1599,1606,1645,1654,1662,1827,1836,1855,1880,2045,2058,2096,2116,2140,2154,2280,2284,2307,2311,2383,2497,2585,2610,2613,2617,2841,2887,3020,3059,3134,3179,3330,3338,3413,3446,3448,3495,3537,3555,3636,4000,4013,4143,4242,4258,4285,4300,4405,4433,4540,4587,4621,4635,4639,4664,4875,4924,5040,5050,5053,5298,5345,5368,5619,6011,6022,6035,6046,6066,6105,6125,6145,6156,6252,6319,6344,6347,6395,6511,6579,6592,6617,6673,6681,6688,6710,6843,6887,6893,7022,7090,7096,7207,7297,7376,7473,7530,7554,7681,7813,8016,8043,8109,8144,8147,8230,8316,8384,8385,8394,8452,8496,8594,8659,8841,8883,8897,9132,9163,9182,9190,9218,9283,9299,9376,9379,9457,9517,9629,9686,9741,9857,9937,
160,37,73,90,315,368,397,398,542,728,764,897,926,1146,1170,1178,1222,1393,1452,1458,1490,1505,1523,1621,1733,1824,1987,2014,2161,2206,2298,2303,2438,2501,2541,2567,2583,2794,2807,2812,2848,2869,2891,2935,3065,3068,3076,3342,3522,3648,3726,3732,3741,3776,3812,3836,3840,3938,3950,4031,4036,4054,4071,4091,4202,4221,4293,4401,4417,4438,4446,4501,4506,4509,4527,4597,4693,4700,4711,4765,4848,4864,4881,4963,4977,5023,5106,5122,5123,5203,5213,5230,5253,5279,5304,5432,5441,5460,5512,5562,5646,5683,5768,5799,5876,5904,5917,5936,6026,6072,6074,6232,6458,6491,6557,6656,6697,6703,7167,7356,7455,7515,7614,7732,7832,7879,7990,7999,8021,8133,8156,8162,8196,8210,8375,8395,8404,8409,8618,8634,8658,8721,8799,8818,8865,8884,8931,9079,9109,9187,9202,9226,9280,9347,9538,9554,9609,9864,9891,9932,9976,
144,151,152,193,251,292,359,367,382,442,742,843,856,931,993,1304,1360,1522,1627,1635,1695,1730,1789,1852,1915,1964,1999,2040,2099,2117,2136,2212,2437,2549,2562,2608,2839,2898,2948,3097,3191,3194,3216,3230,3285,3289,3442,3447,3449,3550,3628,3866,3889,3917,4040,4062,4191,4250,4264,4309,4369,4575,4682,4715,4725,4773,4798,4922,4975,4993,5165,5235,5260,5381,5634,5774,5783,5967,5981,6027,6038,6173,6237,6359,6462,6502,6720,6759,6837,6872,6888,6981,7008,7068,7126,7191,7321,7381,7394,7410,7597,7667,7829,7850,7880,7887,7907,7911,7912,7945,7983,8027,8055,8065,8066,8176,8222,8333,8418,8419,8457,8472,8492,8511,8512,8523,8600,8615,8629,8992,9027,9038,9084,9106,9229,9259,9394,9409,9473,9544,9566,9583,9672,9811,9815,
159,110,149,156,169,429,479,506,619,623,641,666,714,755,770,845,920,1022,1028,1240,1324,1330,1609,1643,1714,1740,1829,1830,1864,1956,2113,2125,2167,2281,2320,2485,2544,2553,2572,2750,2802,2840,2858,3193,3200,3264,3322,3367,3425,3464,3494,3511,3618,3620,3655,3768,3796,3826,3999,4035,4060,4098,4108,4151,4185,4205,4240,4262,4364,4388,4394,4410,4448,4472,4525,4568,4595,4709,4722,4760,4797,4873,5006,5090,5112,5133,5152,5252,5310,5399,5679,5957,5996,6034,6050,6245,6312,6324,6378,6439,6488,6660,6726,6906,6958,6991,7017,7024,7052,7089,7128,7166,7438,7442,7603,7623,7635,7715,7721,7744,7777,7792,7795,7818,7828,7957,7967,8096,8106,8148,8158,8218,8266,8295,8564,8572,8586,8590,8735,8747,8794,8847,8900,8949,9021,9041,9157,9172,9296,9305,9335,9342,9370,9404,9499,9570,9579,9752,9859,9893,
160,128,237,288,390,421,640,752,781,804,855,879,888,1198,1207,1247,1317,1329,1335,1574,1608,1703,1822,2009,2046,2102,2178,2375,2423,2461,2494,2500,2561,2600,2663,2721,2744,2767,2804,2938,3033,3039,3196,3253,3288,3328,3349,3428,3603,3716,3809,3925,4030,4141,4273,4404,4465,4499,4507,4608,4625,4719,4746,4906,4933,5044,5224,5333,5355,5409,5417,5431,5446,5454,5492,5510,5526,5535,5566,5626,5664,5751,5854,5894,5897,5902,5942,5948,6049,6113,6119,6152,6266,6282,6285,6314,6399,6429,6520,6539,6568,6573,6578,6610,6956,6966,7029,7107,7112,7141,7232,7281,7350,7362,7435,7459,7524,7535,7586,7688,7691,7692,7728,7758,7816,7856,7932,8105,8136,8209,8354,8381,8420,8435,8463,8465,8534,8596,8602,8616,8644,8647,8763,8803,8806,9035,9200,9249,9294,9396,9540,9546,9589,9590,9714,9773,9804,9834,9837,9954,9963,
163,94,142,202,553,570,577,643,753,797,834,854,875,878,924,1036,1084,1087,1216,1223,1255,1283,1308,1309,1381,1433,1453,1469,1647,1648,1738,1866,1869,1874,1916,2100,2211,2233,2259,2277,2425,2453,2471,2551,2579,2591,2666,2785,2791,2917,2945,2980,2987,2998,3005,3074,3113,3126,3149,3158,3197,3226,3277,3304,3453,3509,3712,3734,3743,3916,3940,4001,4032,4088,4243,4248,4340,4416,4479,4564,4611,4729,4824,4832,4940,5206,5240,5282,5287,5352,5390,5486,5516,5659,5728,5740,5873,5933,5999,6005,6048,6249,6286,6306,6427,6537,6560,6630,6668,6746,6770,6784,6811,6954,7066,7103,7123,7224,7234,7284,7299,7300,7319,7338,7398,7487,7659,7676,7710,7867,7890,8019,8031,8103,8275,8300,8383,8475,8486,8577,8581,8588,8623,8632,8667,8786,8812,8862,8910,8960,8991,8997,9074,9086,9101,9215,9383,9489,9651,9678,9716,9735,9810,9812,
163,132,185,218,261,291,327,343,404,455,509,514,516,692,955,1105,1301,1305,1338,1483,1509,1530,1532,1756,1760,1843,1962,1982,2008,2255,2397,2402,2447,2512,2659,2669,2724,2797,2913,2925,2957,2988,3101,3114,3172,3240,3244,3374,3423,3545,3586,3611,3751,3769,3770,3794,3802,3841,3853,4010,4066,4079,4122,4322,4399,4412,4584,4620,4642,4663,4740,4823,4839,4883,4920,4923,4925,4930,4960,4995,5027,5161,5177,5212,5251,5294,5350,5370,5378,5475,5558,5577,5693,5814,6028,6124,6290,6330,6334,6405,6436,6453,6483,6628,6716,6750,6751,6754,6798,6839,6933,6963,6970,7006,7129,7135,7182,7240,7334,7355,7359,7389,7395,7427,7481,7534,7631,7650,7884,7903,7987,8025,8089,8137,8174,8184,8200,8237,8238,8306,8342,8368,8429,8443,8493,8516,8611,8692,8770,8788,8792,8817,8957,9007,9065,9197,9232,9281,9346,9595,9671,9694,9790,9972,
153,29,102,334,370,416,476,529,605,637,760,774,796,830,842,847,862,937,990,1037,1047,1091,1125,1344,1447,1471,1524,1565,1670,1689,1841,1908,1925,2107,2141,2270,2305,2322,2345,2418,2455,2518,2527,2651,2673,2761,2901,2920,2952,3071,3174,3182,3307,3314,3460,3471,3560,3644,3645,3744,3761,3810,3847,3890,3961,3972,4335,4355,4367,4409,4422,4515,4652,4662,4843,4973,5065,5068,5088,5379,5423,5576,5583,5607,5640,5674,5716,5731,5792,5831,5865,5878,5888,5992,6091,6338,6479,6533,6586,6730,6803,6864,6869,6934,7051,7061,7064,7156,7190,7198,7223,7261,7274,7292,7315,7526,7537,7578,7608,7707,7767,7837,7980,7995,8008,8011,8122,8214,8272,8319,8412,8437,8454,8518,8700,8746,8889,9016,9093,9114,9116,9214,9369,9533,9559,9574,9661,9704,9781,9789,9807,9824,9896,9959,
156,57,80,126,160,281,344,436,552,844,857,874,912,929,975,978,1015,1029,1046,1079,1185,1208,1253,1269,1365,1368,1410,1473,1607,1706,1722,1804,1859,1876,1911,1969,2019,2039,2095,2131,2133,2134,2190,2310,2444,2454,2473,2566,2733,2876,2892,2904,2911,2946,2950,2981,3034,3054,3099,3171,3185,3284,3303,3341,3344,3365,3512,3660,3692,3693,3930,3996,4207,4296,4302,4330,4339,4426,4470,4524,4590,4624,4763,4850,4858,4900,5061,5202,5205,5306,5316,5338,5476,5517,5676,5696,5874,6205,6288,6353,6388,6397,6482,6486,6695,6736,6826,6848,6867,7059,7148,7158,7195,7208,7264,7277,7316,7373,7411,7595,7657,7720,7773,7780,7797,7970,7982,7985,8020,8124,8134,8235,8248,8402,8421,8449,8484,8494,8556,8619,8756,8767,8898,9043,9097,9098,9306,9312,9460,9501,9558,9691,9717,9785,9833,9847,9970,
178,62,184,206,227,270,289,297,301,333,383,407,484,547,551,571,633,756,970,1010,1034,1144,1154,1233,1236,1286,1418,1429,1459,1489,1538,1677,1912,1926,1959,1991,1996,2001,2004,2139,2156,2201,2220,2230,2251,2339,2376,2410,2463,2498,2522,2574,2649,2677,2743,2835,2944,2971,2982,3111,3212,3215,3278,3306,3432,3499,3535,3642,3816,3879,3920,4152,4200,4215,4251,4288,4546,4547,4816,5078,5138,5176,5180,5266,5295,5393,5447,5464,5484,5552,5609,5616,5722,5746,5920,5940,6031,6158,6235,6315,6355,6374,6415,6451,6519,6593,6653,6714,6764,6777,6791,6879,6899,6909,6937,6979,7020,7044,7055,7067,7074,7082,7108,7252,7309,7371,7428,7431,7434,7483,7552,7714,7801,7803,7881,7904,8035,8064,8067,8261,8320,8339,8373,8441,8466,8633,8686,8687,8691,8716,8732,8800,8882,8886,8933,9073,9082,9091,9133,9193,9195,9250,9278,9337,9344,9386,9425,9430,9469,9475,9491,9580,9588,9646,9656,9805,9816,9856,9931,
140,49,98,101,137,153,188,226,229,231,299,415,654,688,717,812,821,822,919,933,1175,1257,1266,1292,1293,1294,1358,1423,1487,1517,1533,1610,1630,1683,1771,1802,1851,1862,1910,2079,2166,2269,2352,2575,2863,2874,2962,2991,3022,3217,3270,3426,3434,3533,3553,3705,3728,3798,3965,3987,4044,4049,4103,4173,4539,4569,4646,4678,4893,4936,4958,5018,5093,5111,5317,5621,5627,5680,5737,5771,5868,5930,5962,5974,5995,6110,6118,6263,6287,6561,6607,6639,6734,6783,6859,6873,7104,7121,7199,7241,7283,7439,7479,7497,7658,7729,7737,7762,7844,7845,7963,7975,8080,8154,8286,8403,8455,8598,8653,8655,8675,8793,8851,8981,9056,9130,9162,9248,9353,9433,9462,9490,9541,9545,9637,9659,9763,9901,9975,9989,9993,
154,13,23,55,60,190,277,339,354,521,555,567,689,709,806,829,858,896,906,928,953,966,969,1003,1168,1289,1352,1420,1653,1666,1686,1940,1998,2050,2146,2189,2245,2271,2354,2359,2421,2495,2611,2641,2686,2729,2883,3104,3105,3333,3388,3519,3574,3737,3783,3922,3949,4025,4106,4175,4261,4265,4366,4550,4720,4735,4755,4815,4855,5077,5097,5132,5158,5288,5397,5418,5429,5547,5658,5712,5780,5856,5890,5975,6101,6137,6162,6177,6213,6376,6377,6380,6546,6548,6580,6689,6841,6926,7147,7221,7280,7335,7361,7419,7440,7550,7569,7574,7582,7662,7733,7802,7814,7920,7928,7959,7992,8010,8072,8079,8084,8123,8219,8224,8247,8325,8331,8433,8451,8467,8503,8896,8901,8921,8989,9025,9152,9173,9194,9216,9236,9291,9374,9515,9543,9557,9669,9680,9737,9745,9751,9792,9800,9866,9927,
126,103,228,329,399,678,852,1045,1150,1177,1245,1377,1568,1592,1601,1626,1715,1749,1922,1941,1985,2035,2062,2085,2124,2157,2162,2165,2361,2363,2364,2581,2586,2822,3047,3067,3118,3146,3198,3275,3291,3300,3380,3549,3575,3578,3687,3777,3829,3864,3909,3997,4020,4100,4111,4178,4303,4313,4373,4382,4786,4884,4911,4999,5091,5126,5211,5283,5506,5701,5787,5896,5952,5958,6047,6079,6209,6350,6363,6372,6437,6474,6543,6699,6706,6752,6897,6920,6975,7328,7407,7533,7682,7704,7719,7750,7929,7933,7937,8142,8163,8206,8262,8376,8480,8522,8533,8587,8813,8916,8984,9071,9125,9230,9251,9258,9310,9352,9427,9465,9591,9689,9690,9732,9797,9862,9875,
157,93,117,138,180,371,386,558,580,767,769,787,973,1215,1237,1259,1288,1320,1349,1754,1772,1778,1787,1817,1835,1930,1968,2163,2177,2228,2323,2392,2409,2430,2514,2577,2578,2670,2684,2837,2844,2859,2912,2968,3112,3178,3241,3266,3302,3359,3375,3513,3641,3699,3718,3749,3793,3821,3850,3912,3924,3951,4003,4021,4073,4082,4093,4117,4184,4269,4368,4380,4385,4599,4672,4782,4869,4892,5041,5070,5190,5284,5373,5394,5452,5501,5556,5645,5806,5840,5872,5956,5976,5998,6029,6067,6081,6088,6161,6165,6185,6210,6219,6226,6231,6262,6283,6289,6426,6438,6463,6481,6564,6600,6693,6755,6762,6914,6922,7170,7197,7244,7250,7310,7425,7617,7626,7656,7751,7847,7868,8013,8053,8056,8082,8104,8114,8145,8228,8253,8284,8297,8396,8442,8565,8613,8864,8973,9004,9036,9067,9143,9231,9316,9334,9470,9485,9877,
161,100,118,141,162,175,239,340,347,375,474,538,584,586,628,667,799,811,813,818,820,868,892,1086,1141,1181,1238,1284,1321,1408,1511,1527,1612,1620,1680,1698,1717,1741,1820,1887,1890,1904,1913,2005,2235,2327,2355,2510,2521,2712,2772,2787,2825,2829,2856,2915,2929,3012,3044,3195,3236,3273,3633,3643,3887,3932,3933,4083,4116,4139,4403,4407,4413,4418,4751,4794,4854,4880,4938,4945,4951,5010,5021,5039,5149,5210,5400,5672,5842,5847,5862,5869,5959,6008,6107,6126,6234,6261,6295,6311,6325,6360,6448,6464,6544,6643,6731,6738,6745,6747,6753,6862,6881,6913,6915,7070,7075,7124,7330,7400,7470,7495,7673,7815,7876,7916,7968,7991,8006,8040,8098,8165,8203,8330,8332,8436,8641,8661,8676,8712,8745,8873,9019,9032,9166,9177,9222,9253,9331,9372,9375,9403,9416,9463,9759,9777,9779,9836,9872,9940,9980,9981,
157,158,171,191,445,448,501,535,600,653,704,739,757,836,837,886,910,916,1058,1059,1080,1102,1143,1191,1199,1211,1323,1374,1518,1631,1696,1872,1896,1975,1979,1995,2065,2090,2188,2210,2243,2296,2351,2399,2411,2525,2573,2582,2720,2751,2762,2983,3028,3096,3192,3199,3332,3480,3569,3665,3739,3756,3870,3960,4170,4214,4220,4239,4275,4277,4359,4393,4445,4493,4617,4691,4707,4806,4887,5066,5153,5171,5182,5196,5231,5277,5302,5330,5374,5376,5421,5514,5574,5615,5685,5807,5809,5926,5978,6012,6057,6106,6115,6139,6227,6327,6393,6445,6475,6499,6536,6562,6667,6715,6929,7078,7120,7142,7210,7266,7305,7311,7323,7423,7567,7580,7709,7831,7857,7886,8050,8115,8155,8240,8328,8379,8387,8599,8651,8696,8830,8832,8890,8954,9135,9340,9397,9450,9452,9520,9568,9626,9673,9684,9884,9916,9951,9977,
167,2,22,44,71,104,167,178,209,280,346,376,439,466,481,482,784,882,927,1065,1183,1187,1196,1249,1273,1280,1302,1409,1412,1583,1588,1660,1705,1753,1884,1933,2101,2123,2148,2231,2283,2314,2326,2405,2433,2819,2834,2857,2900,2922,2939,2958,2993,3019,3031,3032,3053,3066,3214,3350,3372,3411,3420,3422,3463,3730,3851,3872,3892,3895,3929,3968,4057,4292,4308,4334,4406,4474,4489,4491,4518,4567,4570,4591,4648,4688,4702,4759,4836,4885,4919,5022,5095,5136,5160,5178,5314,5318,5387,5482,5608,5723,5729,5855,5924,6003,6076,6078,6175,6200,6244,6348,6402,6440,6441,6460,6512,6527,6538,6541,6594,6831,6842,6852,6901,7099,7122,7216,7262,7288,7360,7441,7516,7571,7817,7835,7954,7955,8024,8076,8226,8251,8417,8506,8514,8519,8545,8731,8801,8824,8831,8843,8848,8938,9103,9225,9234,9321,9351,9398,9400,9509,9573,9577,9599,9648,9742,9818,
153,108,199,379,423,431,537,561,601,650,768,776,889,894,1033,1100,1112,1119,1132,1176,1194,1331,1391,1417,1572,1616,1739,1773,1790,1903,1970,2089,2094,2187,2208,2275,2356,2448,2507,2621,2634,2643,2746,2854,2868,2871,2902,2942,2953,2975,3007,3081,3247,3315,3438,3652,3696,3703,3740,3839,3915,3945,3995,4128,4168,4283,4532,4644,4732,4784,5063,5073,5109,5163,5225,5262,5321,5326,5426,5474,5481,5522,5530,5666,5715,5763,6020,6140,6184,6248,6390,6422,6423,6435,6485,6534,6612,6624,6757,6760,6795,6892,6976,6983,6989,6990,7037,7165,7181,7196,7200,7298,7485,7589,7633,7654,7672,7685,7731,7775,7807,7824,7940,7956,8180,8294,8408,8509,8571,8595,8674,8754,8779,8821,8837,8945,8987,8993,9042,9068,9080,9096,9178,9206,9279,9446,9456,9476,9496,9617,9623,9685,9757,9766,
160,31,87,143,402,425,434,457,489,515,581,648,649,658,665,710,738,930,1038,1139,1251,1296,1356,1413,1465,1519,1535,1577,1597,1604,1650,1655,1803,1812,1891,1914,2029,2082,2128,2144,2147,2160,2332,2347,2386,2394,2445,2517,2528,2671,2681,2709,2766,3087,3402,3505,3675,3690,3695,3825,3849,3931,3978,3981,4029,4133,4134,4149,4177,4301,4497,4512,4638,4658,4708,4895,4937,5036,5083,5085,5098,5162,5164,5215,5216,5258,5351,5420,5594,5622,5641,5688,5700,5725,5734,5738,5793,5797,5804,5825,5834,5875,5881,5898,5979,6086,6111,6215,6381,6555,6598,6609,6626,6663,6729,6780,6918,7077,7178,7204,7556,7646,7943,8086,8120,8146,8161,8177,8242,8310,8324,8474,8488,8505,8550,8557,8569,8603,8729,8751,8769,8835,8855,8861,8899,9037,9052,9095,9128,9243,9392,9443,9498,9524,9548,9692,9700,9701,9723,9839,9844,
156,30,47,89,363,426,435,568,596,620,721,726,746,758,765,772,791,827,841,957,1020,1056,1121,1149,1169,1354,1373,1424,1436,1454,1486,1678,1731,1895,2002,2015,2091,2229,2367,2632,2639,2730,2760,2763,2826,2870,2903,2906,2940,3023,3127,3141,3366,3393,3470,3503,3625,3674,3684,3785,3824,3939,3942,4018,4038,4045,4150,4156,4158,4210,4219,4287,4291,4451,4473,4481,4549,4557,4718,4757,4787,4808,4857,4904,4907,4912,5140,5143,5249,5301,5312,5358,5435,5471,5523,5581,5584,5669,5690,5713,5717,5719,5822,5886,5899,6009,6062,6100,6236,6267,6434,6449,6454,6523,6585,6907,7060,7106,7140,7184,7322,7343,7436,7502,7551,7616,7703,7727,7918,7988,8041,8268,8365,8367,8459,8495,8759,8780,8819,8845,8975,9003,9122,9148,9183,9268,9333,9422,9488,9632,9652,9740,9838,9842,9863,9885,9890,
150,36,72,111,127,154,170,208,249,295,323,387,412,550,589,673,674,675,699,724,735,761,1051,1082,1095,1163,1228,1526,1554,1562,1785,1795,2272,2295,2348,2365,2379,2414,2466,2554,2715,2796,2805,2845,2872,2926,3051,3056,3184,3213,3255,3321,3340,3358,3468,3543,3745,3760,3803,3830,3855,3990,4286,4299,4363,4488,4571,4589,4612,4647,4738,4793,5102,5228,5232,5336,5363,5515,5598,5600,5648,5668,5927,6015,6260,6328,6480,6540,6691,6905,6993,7011,7042,7073,7081,7086,7206,7220,7231,7401,7437,7450,7471,7557,7648,7749,7757,7785,7888,7964,8022,8152,8157,8202,8470,8483,8517,8554,8559,8575,8609,8622,8669,8765,8772,8856,8887,8913,8932,9040,9053,9055,9212,9246,9348,9531,9562,9584,9605,9641,9695,9730,9738,9765,9788,9794,9861,9881,9922,9926,9961,
160,76,116,254,361,395,403,541,740,751,989,994,1069,1145,1342,1350,1376,1422,1450,1493,1520,1558,1585,1679,1780,1875,1992,2043,2072,2218,2227,2290,2291,2358,2360,2373,2446,2537,2557,2614,2652,2803,2809,2873,2907,2964,2974,3091,3095,3120,3152,3160,3256,3298,3305,3346,3404,3459,3517,3544,3579,3595,3639,3682,3806,3846,3891,3910,3955,3982,4006,4161,4166,4329,4469,4530,4556,4605,4667,4680,4685,4837,4939,4959,5033,5121,5209,5254,5430,5521,5678,5682,5692,5703,5730,5830,5848,5919,5946,6017,6044,6069,6083,6098,6206,6300,6309,6345,6513,6631,6632,6684,6711,6806,6904,6923,7326,7341,7384,7462,7490,7513,7525,7637,7698,7848,7900,7946,7984,8097,8143,8234,8274,8352,8428,8473,8497,8500,8544,8582,8612,8682,8688,8707,8719,8782,8833,9085,9138,9241,9329,9415,9432,9451,9494,9511,9578,9748,9784,9813,9848,
170,59,67,146,187,257,269,272,278,324,409,444,471,490,647,685,744,759,876,986,1002,1050,1054,1108,1138,1250,1311,1325,1336,1404,1646,1710,1752,1951,1953,2037,2038,2044,2061,2069,2077,2078,2127,2155,2158,2159,2180,2289,2293,2309,2312,2420,2539,2540,2576,2661,2678,2693,2992,3025,3108,3133,3161,3265,3538,3557,3572,3592,3597,3605,3654,3722,3790,3844,3936,4007,4121,4203,4256,4312,4452,4478,4548,4689,4739,4788,4790,4801,4807,4867,4874,4956,4991,5045,5315,5319,5410,5428,5472,5494,5528,5536,5553,5637,5661,5710,5733,5800,5817,5883,5908,5993,6018,6036,6043,6080,6094,6188,6201,6221,6280,6394,6447,6589,6625,6634,6669,6687,6728,6935,6992,7033,7053,7071,7324,7403,7421,7541,7558,7622,7774,8018,8023,8054,8077,8227,8264,8281,8298,8434,8471,8574,8640,8684,8872,8879,8985,8988,9002,9220,9315,9328,9564,9600,9606,9649,9688,9703,9729,9798,9939,
148,222,238,246,287,322,405,483,492,676,705,713,867,935,947,948,1004,1025,1123,1201,1243,1384,1388,1427,1449,1495,1623,1633,1638,1763,1971,2142,2143,2179,2183,2304,2422,2449,2502,2503,2524,2740,2783,2864,2997,3009,3013,3155,3165,3177,3186,3269,3400,3462,3664,3678,3868,3952,3984,4008,4009,4028,4051,4053,4056,4080,4085,4127,4163,4249,4315,4383,4457,4534,4747,4822,4830,5267,5276,5391,5424,5480,5493,5502,5513,5614,5630,5638,5689,5704,5748,5798,5953,5983,6077,6194,6198,6216,6277,6365,6373,6403,6418,6459,6461,6517,6552,6565,6605,6968,7048,7248,7256,7303,7457,7527,7641,7677,7716,7862,7864,7873,7874,7891,8215,8229,8285,8345,8361,8362,8388,8567,8585,8597,8728,8757,8903,9001,9078,9219,9311,9492,9542,9569,9634,9677,9775,9820,9918,
179,64,86,129,205,314,358,461,575,585,593,611,616,630,672,697,708,741,816,853,1005,1016,1209,1327,1345,1425,1504,1659,1713,1747,1818,1860,1881,2080,2084,2181,2282,2469,2516,2529,2627,2629,2667,2692,2830,2914,2965,2999,3036,3038,3061,3107,3231,3336,3354,3376,3392,3457,3469,3491,3551,3590,3591,3669,3746,3800,3818,4019,4042,4069,4118,4167,4179,4254,4331,4346,4389,4440,4454,4510,4600,4668,4669,4703,4766,4772,4777,5019,5051,5081,5104,5573,5585,5597,5612,5651,5702,5757,5760,5764,5923,6016,6030,6089,6208,6316,6340,6385,6409,6489,6549,6558,6648,6696,6732,6756,6821,6824,6882,7021,7036,7117,7134,7211,7282,7286,7391,7449,7477,7504,7624,7679,7711,7724,7819,7882,7917,7923,7951,8001,8135,8186,8191,8236,8283,8291,8293,8313,8329,8369,8411,8510,8537,8657,8730,8853,8854,8908,9115,9118,9189,9208,9210,9254,9276,9327,9360,9417,9507,9532,9549,9586,9653,9698,9733,9822,9841,9846,9858,9867,
165,10,21,77,96,197,221,255,268,284,349,372,408,528,540,962,967,972,998,1061,1159,1254,1328,1361,1364,1402,1499,1573,1586,1649,1658,1674,1726,1845,1945,2059,2071,2112,2126,2196,2292,2318,2353,2534,2568,2592,2642,2742,2880,2930,2943,2959,2966,2972,3092,3131,3150,3224,3257,3287,3369,3387,3415,3508,3556,3624,3805,3854,3874,3905,3906,3927,3991,4005,4039,4097,4110,4144,4204,4232,4284,4325,4415,4458,4482,4514,4572,4726,4847,4888,4894,4927,4978,5038,5094,5185,5188,5208,5238,5364,5436,5445,5456,5459,5504,5567,5632,5681,5699,5801,5802,6042,6109,6121,6127,6157,6254,6428,6455,6504,6505,6528,6576,6588,6675,6741,6974,7050,7094,7113,7233,7268,7333,7380,7429,7468,7531,7540,7547,7583,7615,7636,7760,8047,8315,8343,8370,8378,8520,8628,8681,8714,8771,8891,8929,8968,9005,9054,9147,9270,9271,9434,9582,9614,9699,9914,
143,42,58,216,247,328,357,392,428,496,507,606,883,1031,1117,1155,1314,1421,1460,1466,1494,1507,1521,1675,1709,1719,1873,1886,1894,1898,1927,1957,2151,2287,2369,2439,2523,2531,2626,2687,2768,2916,2996,3062,3175,3242,3262,3308,3318,3351,3430,3439,3473,3501,3520,3610,3661,3807,4037,4063,4115,4259,4365,4424,4443,4520,4528,4558,4613,4744,4748,4774,4870,5072,5179,5414,5415,5440,5450,5483,5519,5543,5560,5818,5829,5882,5916,5973,6000,6010,6075,6130,6384,6500,6590,6599,6670,7091,7163,7222,7249,7270,7342,7379,7463,7475,7604,7649,7655,7753,7852,7960,8003,8068,8216,8221,8241,8276,8277,8405,8407,8490,8555,8562,8576,8649,8702,8755,8762,8876,8943,9011,9108,9204,9242,9272,9362,9438,9468,9697,9739,9915,9936,9966,
145,43,177,214,233,282,331,385,400,446,462,624,792,908,1135,1277,1334,1400,1439,1628,1693,1704,1745,1746,1828,1853,2064,2097,2105,2130,2132,2274,2384,2434,2436,2483,2492,2506,2598,2609,2680,2778,2828,2831,2879,2896,2960,3026,3037,3138,3204,3355,3410,3530,3567,3627,3659,3683,3873,3893,4012,4193,4194,4246,4492,4580,4622,4628,4640,4674,4752,4844,4962,4987,5087,5130,5307,5377,5402,5478,5497,5503,5708,5724,5732,5742,5794,5812,5837,6021,6024,6037,6128,6134,6203,6291,6398,6430,6682,6702,6781,6805,7101,7152,7228,7230,7313,7329,7377,7416,7466,7472,7610,7690,7761,7834,7927,8171,8255,8314,8340,8341,8476,8513,8539,8705,8733,8923,8927,9134,9158,9307,9341,9361,9518,9536,9608,9630,9693,9709,9710,9736,9754,9855,9878,9979,
159,8,313,325,391,413,467,642,732,823,877,923,1014,1067,1262,1310,1316,1351,1455,1484,1570,1716,1759,1769,1801,1844,1943,1993,2067,2238,2262,2263,2338,2340,2374,2431,2552,2564,2622,2685,2700,2821,2847,2866,2941,2951,2963,2985,2990,3137,3310,3421,3485,3488,3500,3568,3588,3697,3709,3786,3888,3896,3897,4055,4076,4328,4348,4360,4461,4462,4500,4503,4551,4603,4606,4616,4641,4651,4731,4846,4861,4969,5125,5263,5344,5372,5396,5488,5529,5551,5642,5647,5670,5711,5790,5811,5885,5944,6054,6055,6060,6212,6256,6259,6335,6551,6553,6658,6723,6822,6868,6917,7072,7092,7183,7290,7349,7543,7594,7629,7678,7713,7736,7763,7778,7800,7924,7931,7974,7996,8049,8126,8179,8356,8424,8430,8462,8491,8525,8547,8593,8645,8698,8744,8888,8977,9010,9112,9119,9228,9257,9326,9343,9381,9537,9561,9786,9817,9917,9934,
154,75,213,215,279,460,478,609,662,694,712,808,866,1007,1297,1355,1397,1477,1481,1508,1580,1595,1615,1624,1639,1755,1813,1815,1861,1942,1967,1972,2137,2153,2182,2214,2232,2285,2288,2396,2427,2480,2542,2694,2899,2909,2989,3035,3040,3085,3106,3202,3208,3233,3686,3700,3721,3750,3869,3904,3914,4011,4131,4188,4197,4235,4332,4464,4533,4566,4673,4676,4683,4694,4704,4716,4723,4743,4902,4955,4983,5047,5074,5155,5187,5239,5427,5465,5546,5633,5990,6053,6116,6187,6204,6220,6292,6326,6571,6577,6678,6739,6847,6860,6865,6891,6930,6946,6995,6997,7058,7143,7144,7304,7366,7405,7542,7564,7607,7700,7764,7794,7839,7866,7894,7998,8073,8117,8198,8267,8334,8448,8605,8652,8680,8704,8742,8836,8885,8914,8963,8995,9030,9064,9273,9282,9287,9471,9481,9519,9601,9638,9814,9827,9852,
175,3,68,130,148,276,309,464,485,614,632,635,683,700,725,754,809,899,943,965,980,1090,1115,1229,1353,1386,1652,1668,1729,1794,1923,1984,2003,2076,2088,2111,2176,2366,2381,2571,2710,2722,2818,2969,2973,3016,3063,3086,3094,3129,3210,3370,3444,3576,3671,3691,3723,3736,3763,3956,3988,4047,4061,4174,4195,4270,4271,4295,4317,4439,4486,4521,4543,4588,4654,4714,4753,4769,4792,4802,4805,4915,4926,4976,4989,5001,5037,5046,5325,5339,5412,5570,5636,5654,5656,5714,5753,5815,5839,5867,5934,6135,6163,6269,6408,6431,6444,6473,6526,6530,6608,6712,6740,6742,6851,6876,6919,6996,7001,7030,7039,7056,7226,7242,7404,7494,7509,7577,7612,7638,7665,7680,7684,7756,7806,7853,7944,8059,8118,8207,8250,8278,8290,8398,8498,8529,8553,8573,8604,8708,8713,8878,8952,8958,8967,9087,9144,9175,9262,9317,9320,9389,9428,9435,9480,9495,9657,9707,9720,9750,9787,9793,9799,9849,9888,9906,
146,14,189,203,335,512,536,545,560,562,582,627,790,956,982,1131,1173,1197,1224,1299,1341,1366,1370,1682,1692,1727,1735,1842,1883,1949,2013,2108,2168,2174,2368,2441,2548,2630,2665,2717,2749,2771,2908,3002,3110,3123,3145,3312,3316,3317,3408,3455,3498,3516,3548,3593,3601,3725,3852,3934,4198,4211,4247,4442,4476,4490,4585,4643,4659,4742,4791,4799,4862,4946,4953,5008,5017,5144,5244,5270,5281,5313,5343,5611,5671,5686,5777,5784,5912,5955,6065,6151,6298,6331,6342,6356,6379,6467,6582,6793,6833,6846,6853,6928,6931,6940,7014,7111,7145,7153,7258,7267,7318,7347,7454,7456,7467,7528,7596,7776,7994,8108,8130,8265,8289,8393,8507,8635,8636,8722,8802,8808,8839,8867,9059,9088,9092,9171,9413,9487,9565,9607,9647,9650,9666,9925,9995,
143,181,194,330,380,573,656,798,1001,1206,1274,1419,1497,1536,1673,1797,1798,1839,1955,2098,2184,2362,2391,2426,2458,2459,2509,2526,2545,2624,2676,2682,2779,2816,2919,3008,3010,3246,3267,3339,3391,3419,3443,3458,3506,3518,3541,3542,3670,3720,3797,3921,3985,3998,4281,4384,4432,4574,4706,4724,4835,4868,4879,4899,4998,5012,5026,5108,5124,5134,5218,5271,5380,5385,5389,5422,5463,5469,5590,5677,5779,5950,6146,6193,6211,6396,6421,6492,6494,6514,6583,6606,6649,6698,6782,6825,6836,6871,6885,6916,6951,7057,7138,7168,7212,7251,7273,7386,7399,7529,7560,7598,7619,7639,7643,7786,7897,7906,7941,7952,7979,8045,8232,8374,8468,8542,8631,8715,8774,8823,8951,9000,9060,9110,9139,9140,9154,9196,9464,9621,9631,9911,9930,9958,
