id,x,y,z
0,0.5226571935584884,0.7154976039674946,0.9668806648676861
1,0.3815015974678154,0.9898097290950161,0.27826328434711756
2,0.6646965572944761,0.2363331854417976,0.936692388566141
3,0.5384553667561889,0.05602189190361628,0.1342117187517481
4,0.7403843694302871,0.13624530111038569,0.5571006878040112
5,0.45450560529260053,0.34459164090157446,0.5553643135018634
6,0.25528750522160293,0.34774964914072415,0.16786488580075642
7,0.5893571816518854,0.4113038537654088,0.08095696565592836
8,0.8878088723117702,0.3607602217767967,0.8810340763067572
9,0.22450111705903797,0.7532832811630157,0.09384880833874454
10,0.46877777122074904,0.19493379820650858,0.30339721526797514
11,0.46032583708411956,0.6356454498815237,0.553804630313167
12,0.1258503998298387,0.7872183135790982,0.6143828404391449
13,0.07644899247045522,0.2795382459361797,0.8582882566205585
14,0.4289498892065341,0.475120534754943,0.41485177988388644
15,0.9668741219198455,0.9500995618724242,0.7394382160760036
16,0.6856038385567021,0.683779364951495,0.659139124680379
17,0.256444653630829,0.7961264976891469,0.19382083737901867
18,0.4526322045010269,0.7348183157335745,0.6234822684679093
19,0.33751589320493725,0.7548513069999958,0.34512870064598045
20,0.8878553353915569,0.04132745447076558,0.6217249427215492
21,0.8905162595789536,0.4943717895581772,0.7177770715585863
22,0.9297871630650122,0.7604736680427041,0.9007811655553449
23,0.8617521681675641,0.6623636233652554,0.5826023809361737
24,0.9934456535297896,0.7506896065059273,0.5096483223268786
25,0.43532993542715637,0.08039299975828695,0.2984419592776988
26,0.08612536056100739,0.6772234935037879,0.36252284988729655
27,0.3458810241836441,0.8189018378463652,0.9059334039642708
28,0.8663165138644827,0.8595007983562296,0.28550867092266086
29,0.11852180771887566,0.145186290653461,0.7686538460842756
30,0.9181692744564086,0.1817865728357686,0.23309228992152697
31,0.8425288019214259,0.2818068024787568,0.34849065609826957
32,0.35974407097618255,0.5100037424115178,0.4949015167266013
33,0.20369668058463497,0.21140349682189996,0.04691892654317287
34,0.6673950619197909,0.31224051198318037,0.4338639880832825
35,0.40393201844941196,0.8707202280493622,0.7157996564482246
36,0.45384311666589927,0.7907198974214641,0.40383927149070886
37,0.02164557409666834,0.33154581110059433,0.28344687179313544
38,0.5541620541380247,0.19849063803505063,0.37446492986822855
39,0.5432907090526949,0.7278166399951066,0.6943538118643814
40,0.6590509773936197,0.07898300619676879,0.9031493964722246
41,0.5323506076332009,0.5749034622166881,0.2565392828720523
42,0.5138008230146429,0.19678763151079615,0.7242625047948575
43,0.4528574424741313,0.6057523748368053,0.8465237054986254
44,0.7010078706465988,0.5644076604814441,0.9478505517869694
45,0.11894159539488158,0.7431800706183932,0.36010767203888117
46,0.7563263738795035,0.30833770101899083,0.06340671544059939
47,0.7104176854096249,0.9887670802822739,0.28997330881290473
48,0.6803782145844752,0.9674348818733012,0.26717291675152777
49,0.3492394587659703,0.5060118746661336,0.42068644385089415
50,0.036126085645643236,0.8705898105338714,0.29877110190456924
51,0.4084906021027146,0.8192123375005335,0.02459452602594614
52,0.2671191049602074,0.5515822563939123,0.8372264898140338
53,0.670441212727527,0.6723665422431421,0.8215432937651515
54,0.2895292865603494,0.09081548242092485,0.559003717260001
55,0.12715045046857854,0.7481025165531164,0.4424607305154038
56,0.5240441531700276,0.24345085288202883,0.6402961080448321
57,0.8522331521829055,0.5076180389563274,0.8636651456262114
58,0.1558510678756485,0.4166686507249966,0.9449953831368998
59,0.9593486022002912,0.04627070585323001,0.7633555266386425
60,0.06137256975606786,0.8401871113923389,0.39326440189265566
61,0.8035365133390351,0.239963824137581,0.20040649400356647
62,0.7648846835162165,0.3633464553642477,0.9030780829370462
63,0.5429722588776367,0.9268674342153875,0.032440654737841856
64,0.6356910637945299,0.29084966876724727,0.24974229243750112
65,0.8626045242659464,0.2001771184666714,0.6471231420869313
66,0.24023392931780196,0.8963980631025422,0.35017566317724313
67,0.2017639134140612,0.9898771448939194,0.7041553683030857
68,0.26739066799285305,0.22621913373584968,0.567283762008047
69,0.7554822218169625,0.6556673902068014,0.5154060791328708
70,0.6819702811176908,0.10107451573896764,0.6443863484296959
71,0.8556892176393684,0.8838312884569363,0.769905329708734
72,0.4550519589684454,0.6977769690033886,0.8378633065435794
73,0.2210563485284054,0.9300582417108153,0.714509701933106
74,0.17603800172565942,0.2749623612741494,0.8199410058310486
75,0.4753584542865952,0.536035425170058,0.9283773037990801
76,0.14224188639033664,0.8458821743574373,0.1593293420489037
77,0.6880568070269565,0.6424849269751398,0.5891162301030228
78,0.7131995489894393,0.5270969690163646,0.8137223736649083
79,0.34426323964033967,0.46311591421523524,0.3303747208333392
80,0.1437200704258662,0.045801570286817306,0.3797271541836921
81,0.8165377343347042,0.3054237513843646,0.3569136409685918
82,0.931096107512853,0.16245302385945115,0.7994683290845446
83,0.9519391320792859,0.982916426779461,0.1709105852390016
84,0.5493600781982552,0.03143380590729805,0.5763695408158371
85,0.44408706594581204,0.5833385845603065,0.715501867030292
86,0.003131622356869257,0.8762905759689098,0.45714514508885384
87,0.7581302098973546,0.01750378209527259,0.33428345623647504
88,0.09724927230458558,0.8325463600948494,0.6125632761622466
89,0.7064490712460869,0.751765012417569,0.6194573176586995
90,0.7281468366762506,0.8956228266345562,0.18346671300057926
91,0.03320831697094084,0.1736038643711113,0.3584575112371239
92,0.6329929552231068,0.5609092365832246,0.15571604458587696
93,0.2816871172235774,0.6976394524098336,0.7099649633370548
94,0.20207487544704172,0.9237178015446307,0.8141959867462967
95,0.9168450725556059,0.7457775951385737,0.5871501869962633
96,0.7799678263985178,0.28076596448616065,0.07060097976652935
97,0.9533859630860423,0.25904341342089154,0.8541068662034671
98,0.44107229865723396,0.6194294621618398,0.049336972007370083
99,0.7551817576423164,0.342143739584289,0.7316697560485081
100,0.4301758570287839,0.9668386812487529,0.4690748335267957
101,0.40589820283526734,0.10972196094351383,0.784795958425987
102,0.43422735144534286,0.12885130799408528,0.35088159290150545
103,0.9972741075692607,0.3127499984874266,0.3702185672820575
104,0.2828100731489255,0.7917892277281325,0.5604067767538321
105,0.028199389837722744,0.27449797419583644,0.5143607913402152
106,0.4809974477247231,0.7062381485490131,0.17716935528424393
107,0.27956934504658537,0.3316729684913088,0.6957033824485567
108,0.4601691245436702,0.5079494567266203,0.891096436107588
109,0.6350235273743217,0.4502245984265608,0.6235421009693791
110,0.864872493488749,0.9051130944786174,0.644916075327766
111,0.012940348234463439,0.3116204012843842,0.6539015139314751
112,0.04013889437249407,0.794962294447385,0.02741242286100065
113,0.4690400616671254,0.6903779266846699,0.08231837675877696
114,0.4801574899979927,0.4422149347169533,0.4044826091761575
115,0.9548247426142074,0.6681328597450652,0.377151253957247
116,0.9408307431156899,0.5067808011185625,0.6986451858648132
117,0.4132382208235378,0.5803986556774601,0.6742947965284872
118,0.05270472799934445,0.6866859840958607,0.7752679987292967
119,0.5633606242525837,0.720600159469872,0.17650989757711022
120,0.22356442286445632,0.2403207174841997,0.4902113740113182
121,0.5550938140506807,0.3649500054852699,0.3816047371918717
122,0.8690829652054118,0.43507140809392375,0.5397114653641675
123,0.4899535648090054,0.35089798728111077,0.32859881929916535
124,0.7512207885252863,0.028245246470138152,0.6506969093634968
125,0.5675904149733225,0.08773918000399361,0.1649349261692672
126,0.8142123114240574,0.5299112466649422,0.24007011753823249
127,0.8635521355173343,0.863279091864833,0.07791372450368483
128,0.5851184492413154,0.4446989986734141,0.8123053425410799
129,0.143089485196651,0.6535507972821814,0.6341851667133833
130,0.17945192217632,0.8158720192789697,0.06372785863027686
131,0.24349784794326357,0.03538258262524985,0.6527282486982764
132,0.5900817501033182,0.569230154356759,0.9117103170956392
133,0.18156234793884574,0.05620043057008273,0.7477522964573411
134,0.19073568348330605,0.18235080245064073,0.6687387289156211
135,0.6969266856169509,0.19120109293051302,0.5172368525552575
136,0.49091357962247706,0.0053983574055962436,0.20697388562967212
137,0.3693750828857214,0.2151618472669099,0.6376234931370254
138,0.304321860435371,0.43947549230864136,0.5669836911375434
139,0.13610065486903988,0.5708453982630955,0.9742752631060756
140,0.9494392964827832,0.23895350239841784,0.6770906066446533
141,0.9112694536055018,0.6449936228495649,0.16064288279113403
142,0.030948235414528513,0.9971857946238476,0.22139497244560702
143,0.6026080144816343,0.38213810653957614,0.5988260608864618
144,0.041652445505686364,0.7382846477277383,0.40881429205641906
145,0.2757686379953792,0.18793756170121834,0.29826936414111804
146,0.40269087514536217,0.3988656211802797,0.16831326942060154
147,0.1598446216852103,0.17108136700665932,0.7609041140830366
148,0.011099517542170534,0.42303647708140435,0.6457825330563075
149,0.266037727295691,0.02285136160865142,0.23074444049283505
150,0.47041902593427143,0.355849531153024,0.04377227246741133
151,0.7425012898574234,0.4701920887600878,0.44072403459364107
152,0.3302057716426965,0.7714564878529242,0.9969844775358315
153,0.9986532298118531,0.04710737090119754,0.6973496484670881
154,0.8635039497610537,0.09787097355005547,0.35902577040976613
155,0.2005097459878008,0.16836221552997965,0.022062380303993545
156,0.9765984391315828,0.554679681071418,0.3605478797251346
157,0.7824350530854395,0.4581473084392078,0.7125027755538563
158,0.12967056334229754,0.11855138721911007,0.4536459643065014
159,0.7353873781710903,0.9573770475915908,0.3141735216870757
160,0.1280237425393992,0.32011359338586043,0.2636026433274926
161,0.4795116654573719,0.946005261383543,0.356820483285623
162,0.6402123421647378,0.7143036126890764,0.8519561296631505
163,0.09183876698999827,0.884402400268761,0.6132688897158485
164,0.18014146984109647,0.6696110469045238,0.28926075741109747
165,0.18424483731494778,0.4353677817274991,0.1504093506116454
166,0.887878227523624,0.8289255240944233,0.8325493433716635
167,0.26334661274454674,0.3209885461953308,0.6494594846057662
168,0.6125979180978547,0.20703726610504802,0.9573640392021474
169,0.03003257346242949,0.5755928559735315,0.70329046031056
170,0.3115360982777544,0.8934092894415303,0.6180783029378829
171,0.20286657196192714,0.14568829790351623,0.6518943524087166
172,0.4836570694550725,0.007369448490285424,0.18199811188416515
173,0.5854459319395521,0.18927679844564826,0.5897904528183273
174,0.2844410652713033,0.563949547909733,0.581602564981177
175,0.389592354551182,0.04993967798246546,0.6994854304701136
176,0.13737244026779305,0.15808931858564879,0.6019167714229867
177,0.4305764074785533,0.4019707810842815,0.4637202504467658
178,0.7368142253723291,0.6301307732921269,0.824860295220954
179,0.6227551825931641,0.3053167305217177,0.3959173198934195
180,0.5482115819056324,0.9720403798483557,0.45218607046000614
181,0.4726859297767847,0.33784609347257033,0.6614143499967682
182,0.07761504826925603,0.01880398001036032,0.8469643679951527
183,0.03850667368613714,0.3518887683639116,0.7695756676115443
184,0.592126873472415,0.41878604755462434,0.03886221013973934
185,0.9287109218179996,0.8671961534858771,0.17482518352959608
186,0.41796446182436375,0.2492419811938983,0.7810853017258869
187,0.34439994150361697,0.9052744695581428,0.03786950996862026
188,0.341654733593444,0.9878026832323926,0.18327480239774196
189,0.7551505732426981,0.7308149191005423,0.2814664095679138
190,0.7491737600296239,0.6949862746697965,0.7265637221227507
191,0.09132871934920672,0.5925080237515921,0.034611777262278265
192,0.30704499793829554,0.628080897345703,0.17962994682197841
193,0.700104943806249,0.6485339655736535,0.5141270602698368
194,0.8528422393034366,0.35137316528491125,0.47687231508490235
195,0.3023866585972176,0.7011839550248062,0.4380231278191249
196,0.12607841948958076,0.9180371306413382,0.8750741164587034
197,0.4073345423149223,0.8516494491123995,0.19029426507037273
198,0.4417026109528932,0.8730638213615269,0.4801616454186891
199,0.2981296284884545,0.44893516335920347,0.04291072045278388
200,0.7406782814942173,0.9908481360445573,0.3908009180183457
201,0.15295942415462693,0.6006173831817709,0.6087365994782943
202,0.7914923494807269,0.9706411028640315,0.32243855313039427
203,0.43422662313453597,0.9915436519325883,0.5751260238305308
204,0.5049595758424306,0.11416716715475328,0.45429366692097806
205,0.7730096777803903,0.21217227938207772,0.381876899700313
206,0.372466174852613,0.0835736405506109,0.24149002995572588
207,0.1911629477122776,0.8163216289546656,0.7224769949522702
208,0.8726070028496807,0.0915622412139131,0.3695608196994843
209,0.7189381159595895,0.7300057272262057,0.7816875662482372
210,0.2281704092761111,0.9349928970128321,0.02869175730477691
211,0.2061354401143375,0.2429499425126368,0.6852815161581388
212,0.8222467002529071,0.7012361692189507,0.49997047775229575
213,0.5547485017939188,0.3497693908236832,0.1946001055673029
214,0.11121127513048235,0.31656928680291074,0.46399688133628736
215,0.6609612967427564,0.24167887392520682,0.9382316292028915
216,0.6910500299542456,0.816549632573647,0.8966657672293957
217,0.01032686809626826,0.7193076920869735,0.7320923482926082
218,0.41492497183779253,0.22848497872533968,0.4029588025624131
219,0.08274206468290335,0.1340527847609535,0.3259543057235629
220,0.8958113570822465,0.8123856840506847,0.18813051947373693
221,0.7198007980042593,0.8425018941055991,0.4331324402340131
222,0.9100478016359836,0.32137025740424097,0.12370802563146
223,0.45932103397907875,0.7497768943913479,0.36110723938478273
224,0.6841845614669928,0.47508006259076097,0.17627864660155745
225,0.7291354096548935,0.1772983369760358,0.26906827800728406
226,0.8107847319028847,0.48096935780203687,0.4899698139610359
227,0.7468125448260836,0.13511348858119143,0.12121685706171292
228,0.511638187024802,0.14837088108135965,0.903878641734981
229,0.34510608060481185,0.8559045452626015,0.8002333551243445
230,0.36877157710534336,0.9633486997102315,0.43635937913977085
231,0.14962072293299444,0.747573215603378,0.03910468898781905
232,0.6225518162163639,0.7343909349245041,0.862855142227725
233,0.2562123777338101,0.06893044635123335,0.9503774654694408
234,0.6893696619324452,0.2043381318441494,0.6640559266337998
235,0.07469976646683785,0.6286523358106415,0.8743808026675899
236,0.4505375417965698,0.528291952891897,0.06700148628238933
237,0.7035432467285131,0.6345197718120484,0.09414523930151097
238,0.6466591687095506,0.831754943254325,0.0019720260658740996
239,0.41600179277720284,0.11396268890371197,0.44945600296006427
240,0.43410982441212254,0.15727535260230519,0.8108375747606855
241,0.18482072103377734,0.5356961472255911,0.6717617438133364
242,0.12678336920210065,0.6990798077534592,0.10860050189122261
243,0.6292831724594679,0.9863928947790089,0.7187936230743869
244,0.78868019213336,0.39937398124241186,0.865124407702767
245,0.13752344563297858,0.3483828780923639,0.9690643905509869
246,0.36426471295544616,0.3868821939306909,0.32017326766356213
247,0.8893848259764155,0.17425591667241225,0.5377997029713468
248,0.6669212790752505,0.800762448721487,0.8847682434669227
249,0.6963638138600161,0.16459413412030677,0.8908824313320628
250,0.40563961856204855,0.44541169185787366,0.7243400671053822
251,0.09481806048281594,0.31497944355757834,0.9818158152303126
252,0.6176157133845687,0.7578500084325094,0.4770072940636023
253,0.9783767717285028,0.9801567031043266,0.7379756445013069
254,0.3878223314066592,0.5399941390700109,0.4821521102414462
255,0.5031532544801731,0.915601060471459,0.48477005746153223
256,0.4108848558749123,0.5101851715040282,0.1503758507478924
257,0.4745014579357114,0.30380626064719896,0.6914225221802345
258,0.9387384122461382,0.040265316079416524,0.17178060854442034
259,0.9791456787503227,0.3591681928546284,0.3261665771557354
260,0.952286677593646,0.1908212434929042,0.7165711435899347
261,0.10237629481762767,0.8291595254678471,0.5745602324082163
262,0.6946058811217093,0.6824029610920866,0.5793692661086144
263,0.09571834917381938,0.10454361418514546,0.34542164680301224
264,0.04759689956923363,0.5517739896847534,0.6059885019764568
265,0.347209176312231,0.6797042046916792,0.5947631067672559
266,0.5640705089277915,0.40299534225238465,0.8017295858626056
267,0.27540801732743814,0.19340322093836393,0.5451131102657497
268,0.22706663742470123,0.7277750465230657,0.5971168217069792
269,0.43178463320066696,0.5521606563130466,0.9030240544153563
270,0.8298082589208697,0.4318903403173754,0.7528081199150345
271,0.19022133276994946,0.20344841723425333,0.921989302871545
272,0.22869159937392425,0.5875473425104261,0.7624664635947807
273,0.00523738300889609,0.07665425811241877,0.44370377932186766
274,0.9094481219056084,0.4098030027124985,0.052547768046157795
275,0.4939241920787655,0.11048877339905028,0.6329603206849556
276,0.03405900098209602,0.6503134232819406,0.4923484138458226
277,0.4789552117307476,0.2675836817498891,0.4254518842695697
278,0.7610030563847707,0.8185952666030862,0.07640174428675128
279,0.46003250673354,0.4768187107569164,0.045559429846398825
280,0.7540930950284612,0.41558337520524835,0.04931595096369845
281,0.09999422048579432,0.8260523044997644,0.46199381095464864
282,0.02609826542481186,0.2745446392647113,0.4603112098151031
283,0.44884639602089915,0.32879124828153095,0.832348759143647
284,0.23174834628204655,0.34312856374549683,0.19263324068486665
285,0.24998676349973736,0.5650749518457087,0.1527169256286659
286,0.26179679000867884,0.06976358323222598,0.7495811898366751
287,0.11050085178895919,0.8543460179669453,0.6398292447321943
288,0.5911122750380023,0.08392894970919018,0.4613257485919754
289,0.4387606712806891,0.03671980494223914,0.6744703249153039
290,0.42305021291457423,0.42370171066364204,0.9157171356882171
291,0.6698221658488897,0.9625012988937622,0.5402881944848135
292,0.28290050661705346,0.7187424826545553,0.31161099494109834
293,0.9174752824187589,0.2722729434396499,0.3477971370182493
294,0.9104370487812637,0.24064115741822922,0.4934240036998955
295,0.10453631602548386,0.6156098228546621,0.8758297226498957
296,0.6778852862361657,0.2944921202909734,0.8359781157347699
297,0.2210249080986637,0.9528349046252509,0.24808531739529904
298,0.09705713397301718,0.23283604302665917,0.4530348917565352
299,0.20268275475226527,0.8613429134014092,0.6507179167182753
300,0.25640479998640275,0.1274050736393243,0.6352213844013795
301,0.5386435128050562,0.20215118947077326,0.7189141735110708
302,0.6097943692569362,0.8194200734446903,0.06062831611437414
303,0.44205736711753874,0.6632953027549497,0.801432633094211
304,0.9551366100567158,0.026498222035785224,0.12262503961280857
305,0.30164985903179553,0.5726973080790239,0.1020669558685714
306,0.4839430264330222,0.48154849138108513,0.12457899079477708
307,0.7652485383174618,0.9740535875827975,0.39642120818861803
308,0.2480359033257995,0.6316377866167805,0.4105422145784229
309,0.6377563670440615,0.3045202422298757,0.3962983481902522
310,0.06713177677822257,0.9234005255405379,0.1906917256482018
311,0.44364159448362095,0.4758016905696244,0.9826773485923236
312,0.9010055804192835,0.9994215948968928,0.44414924901937725
313,0.4190936530198496,0.7412771903992313,0.5146212526270508
314,0.5989529756719769,0.9788784776745095,0.7286544795964851
315,0.8243646105125575,0.42072986432576986,0.6807055581483626
316,0.7460912364978989,0.6450809393117258,0.8780618300878064
317,0.024929445214162405,0.5256560420543889,0.01723477246089211
318,0.5376413971278191,0.7383531362101157,0.49363250524507396
319,0.19941003742722074,0.33858772065353804,0.9968306034920603
320,0.14312838730092947,0.3298320080342563,0.24048069399260363
321,0.6343264888402289,0.6413486534460607,0.013807347494054323
322,0.7554060159771786,0.1805855420830117,0.5378654509992032
323,0.5287050478913159,0.8765721979375241,0.9821979153746809
324,0.43496786779053664,0.46773929612011234,0.08274454323906177
325,0.4086854216882876,0.44687861596641343,0.5942819065751862
326,0.8089969441328839,0.6173038866699749,0.8318732064535383
327,0.027811712635609442,0.843986507472111,0.9046406672160487
328,0.4538446710379661,0.5117714021454539,0.8052304027986728
329,0.29653682415350346,0.11061711337767388,0.5004478339630055
330,0.8844270399152575,0.7070352452861286,0.6631417707574547
331,0.017104134908007107,0.31452194395867306,0.851839218903865
332,0.21021929018061258,0.015514190290210172,0.5656734598152268
333,0.6062325620077423,0.03290323661462413,0.7476126004053332
334,0.11667086018025741,0.3326515938879926,0.9618562004114974
335,0.025391293536080495,0.001993524699627214,0.05499000149282052
336,0.5812375147602105,0.4989056619980947,0.16705928982736318
337,0.41377311735388533,0.9265371836069539,0.9176599944583936
338,0.9262953574250494,0.13482414917921837,0.671202520772876
339,0.6506071381456046,0.8413634269389832,0.4315896412495779
340,0.09749390299065108,0.33018735235134933,0.3310032148116251
341,0.9045225127363927,0.5009569936126338,0.2537812951060724
342,0.8794604427672769,0.77069550626863,0.1565703380592549
343,0.412379303199937,0.9602708246014043,0.40743112034946183
344,0.16960159449874768,0.4929286135881422,0.6128568618528243
345,0.719592297937103,0.44798084990276343,0.46172347723183405
346,0.8557469940124213,0.7740454713629324,0.7736199375757298
347,0.4457879129911234,0.6978610844755802,0.1922601879618796
348,0.626731630243164,0.31446802154518716,0.3422203676272283
349,0.38263955363432145,0.5226294153915622,0.6439849502889287
350,0.8656933134506729,0.44521282517405003,0.2786839792806888
351,0.2445940241453114,0.3819365810258254,0.8342016628800608
352,0.31924591082730014,0.2805517139175374,0.7745108722409781
353,0.00874402097901339,0.5316276899245331,0.017763141397494575
354,0.19811101494936145,0.6893174363960364,0.3429374062320596
355,0.9115899535154549,0.03721330853477278,0.796352290515983
356,0.8169819211661804,0.6002708500478425,0.6448853468405148
357,0.6908338775338193,0.5036159681012579,0.3398613499166273
358,0.9429965905459443,0.35140728779416697,0.17433466011693688
359,0.7012713197637765,0.585430728852712,0.19724234535724428
360,0.4977888905216947,0.016596620893299052,0.6358051555863465
361,0.034973561050584245,0.7877538810200132,0.08519473992512383
362,0.25241076406458385,0.726619274348736,0.35948371282540525
363,0.3574777855065565,0.42875784463039046,0.5226424484160135
364,0.3790757441274111,0.7112965118057504,0.7690832844005862
365,0.6385039000323255,0.32110452355307795,0.28135974025674015
366,0.39062596855655074,0.9962350687403648,0.47235718575240815
367,0.46389737275328724,0.20944986731688764,0.16046568484423573
368,0.052603930049090586,0.5868052708792234,0.6496945988391944
369,0.49458276604229656,0.849282417475044,0.8966544070591893
370,0.851289096363913,0.19317431052107803,0.1762740955057185
371,0.8588818551154462,0.3164319652604738,0.8261252085118455
372,0.11062885269972655,0.25955680067709297,0.8421899822369316
373,0.45999601105518106,0.8333500462074875,0.39607315223673734
374,0.865974761567864,0.5820886056033714,0.9038120303294989
375,0.2811130648486806,0.4907420370114435,0.6669864623501633
376,0.1572458920156219,0.4033900955076414,0.2526624243035229
377,0.8352859308688694,0.09196318455397534,0.6818073299448763
378,0.37782805987963386,0.8670172174865615,0.0399208338340723
379,0.2902882567800885,0.6629382341265181,0.5830411171219715
380,0.6612816544353253,0.7226563444344679,0.6173569450712596
381,0.9066027044506043,0.0374914317428201,0.07832100521248653
382,0.3101250154488844,0.3768973879145482,0.7646409970371775
383,0.34024481037181176,0.6439733941139691,0.0058186302902570874
384,0.6905159598474215,0.92471651994196,0.3042440565558331
385,0.24415171982680606,0.18669027398000715,0.48441358429435866
386,0.9705287692645238,0.13963884977243068,0.36086241389714035
387,0.2546433931209886,0.730976262981414,0.4489470883944301
388,0.5148997824176236,0.8726703900275811,0.0041020650129700575
389,0.8582668362177929,0.37427877748803784,0.4158149144778275
390,0.5216572223221952,0.39159455593986436,0.9584137925084872
391,0.5144611577201517,0.35209587262831654,0.7098509220361805
392,0.44815540071076776,0.14599438749066662,0.3560723686369921
393,0.4253615762882643,0.6546128575893837,0.8233943288516554
394,0.046635094654971176,0.2740141290749295,0.34001536056580706
395,0.7306081501068256,0.6778018750072011,0.8827256737659045
396,0.20115232518588833,0.8712906540628482,0.7461021300084119
397,0.25597359083161886,0.49187250641011715,0.2990680015599282
398,0.21342592508383917,0.6880549417838329,0.8457259163964801
399,0.739270692980537,0.8881450997359359,0.37221430717951853
400,0.9891250154181844,0.8224426987060779,0.5453383275772992
401,0.6543377983079821,0.5832057362926849,0.5791256923265854
402,0.4922234346097236,0.5795800272436079,0.16637772099381498
403,0.39133347821650055,0.28140444872026615,0.707183065704681
404,0.35798228035393886,0.15819631860352357,0.24123331195290354
405,0.7960393889182034,0.8439598400463296,0.9091192788755807
406,0.005848044231369531,0.5123240525023636,0.47228803960109456
407,0.5638055900615746,0.30826704434655183,0.4290250635533688
408,0.36827700582708667,0.34120212307001085,0.6286619367643992
409,0.26675906854098386,0.16590892194886964,0.14126289795996327
410,0.5079680262506739,0.9945785635735614,0.9557551676537704
411,0.029944815550716153,0.22780868182368208,0.6513938823425452
412,0.0426218186211168,0.1386876759479001,0.08096457640719834
413,0.3305453339686921,0.36006188539404305,0.8276210609635632
414,0.8360660725402852,0.8833325085219546,0.6319134929666824
415,0.3296188590491217,0.4382304437203909,0.9025273814266244
416,0.19571711705204786,0.3863141827935579,0.07179643152039861
417,0.4718208367269837,0.8602053307999006,0.2766021495175337
418,0.25804074874810146,0.5039567331899243,0.2661520851439987
419,0.41951305324304256,0.9236918204953865,0.5831776154277991
420,0.3550046027112944,0.49872548677253403,0.47101380390447734
421,0.5727493411711693,0.7618221721495653,0.8751843668053775
422,0.7056215111136166,0.02813980330808019,0.4224313845391664
423,0.8668046209343649,0.9551213234900912,0.05054798468771926
424,0.5806115782461603,0.8925587008038252,0.5123738756188693
425,0.2524515599949144,0.15320798186753637,0.4027116726466965
426,0.6766382467041167,0.4695905912624534,0.055501695445388965
427,0.6857688718379346,0.4945521604450043,0.5156718863370715
428,0.3765876934564012,0.23374721731345782,0.47869185087126287
429,0.11341895336876917,0.5155238751198258,0.022381362137438687
430,0.6026139963271889,0.1862939882505651,0.21102121214804903
431,0.1470220440545078,0.522486810691051,0.7058623584402356
432,0.42707205413953,0.5363573552195741,0.5258710105850187
433,0.22001500610592828,0.9266809764596725,0.5248730314951613
434,0.1246156177714306,0.7723089362174169,0.059642113098274496
435,0.3404239550190561,0.311226893083279,0.9757387234919651
436,0.6225148964620116,0.7703459029785981,0.29307251320614747
437,0.179674967011359,0.7422282780895111,0.33133955508726887
438,0.8272949545352558,0.5794989101117273,0.517550828134607
439,0.5047349219689218,0.2771541166761564,0.4794808615531452
440,0.922575740756167,0.2803001803548837,0.038151948649637
441,0.8257811550554474,0.3419839600762745,0.3052193957200051
442,0.13761148871643725,0.6995862288665937,0.9381085493745311
443,0.12430460622435824,0.245371138209166,0.32281966914741267
444,0.07614430381162607,0.27575495245220627,0.715485670087203
445,0.4376173164009107,0.4297316347372855,0.377649377846087
446,0.6608893857077249,0.625891969232883,0.43690721664254195
447,0.8001701519254185,0.7185788398520987,0.46230826762805477
448,0.558314144490055,0.6851856658996989,0.5073517776443204
449,0.988283512838678,0.3738322558652424,0.004689054944461923
450,0.3284462221692397,0.7849075766228673,0.035874627160944694
451,0.16537841580638035,0.24906731056094633,0.37107330509586267
452,0.04425782209507212,0.9632409625681905,0.5199613424326768
453,0.039998429300017846,0.5902775750784963,0.2816162393249605
454,0.29639919051517505,0.7750440382043821,0.747378085963661
455,0.8566935575480491,0.723493105398155,0.7279408602411704
456,0.19797230156143286,0.015688481185983316,0.5303029590126664
457,0.07005657371951235,0.2595361479411965,0.31825667691456927
458,0.9128644093902669,0.8834177505652571,0.24184159632144775
459,0.5284742891547635,0.7405967420597843,0.7618414817913352
460,0.11562932726028974,0.9732825133678359,0.8671215418547177
461,0.10901653160861802,0.28727759050680346,0.7648510996319345
462,0.15332473099877175,0.7306795787522045,0.05335385538381665
463,0.05744100981767064,0.5675394975034188,0.5866344673552301
464,0.5973324087340602,0.056529410203299935,0.7662268780346969
465,0.824446227674912,0.05462703674943181,0.6058652957690955
466,0.11819702157148348,0.4124505104906284,0.5051207412681344
467,0.9749469133059528,0.08853369055496552,0.10745587582437899
468,0.838564896689153,0.8503741621672032,0.6963724928402276
469,0.7914240100453889,0.5918865539568923,0.24885021114896366
470,0.39977681987661084,0.6769953949929556,0.2970145348047116
471,0.11310762367751936,0.7018845468870528,0.7873580643759462
472,0.6849165036590873,0.4419077690653779,0.39366041950489405
473,0.7775884474106805,0.8301830894293514,0.3696755459269163
474,0.3313096606933029,0.34536226513825263,0.09111776336667987
475,0.5374624457688473,0.33745469723164134,0.22228243791042546
476,0.8905034790852052,0.5457950563623292,0.35900883304901887
477,0.3255440600615882,0.49377233292885625,0.9438277133604647
478,0.33415239773683725,0.17095202768067153,0.38651812975752986
479,0.9371691212363131,0.1613570025683414,0.21526333887692128
480,0.7638828829125573,0.84681727899547,0.2723668980789006
481,0.6132250296552763,0.3506743372073433,0.6784592636976996
482,0.39290574848122073,0.44330858322404354,0.8413425673128087
483,0.9972955292573452,0.10311186473630696,0.7669858196487849
484,0.773881519002172,0.6496388991632143,0.6888510683614298
485,0.6787161524145345,0.0030570220023893313,0.40955882758440143
486,0.8213173244147837,0.49498401688991445,0.49739765034924954
487,0.10864922810676081,0.4780048663511478,0.11893207814909457
488,0.2598344143990138,0.5412629348644508,0.711677146298678
489,0.8663003320907376,0.7037458187551539,0.7666344244772713
490,0.023759913073886918,0.4401530820167384,0.78759201234295
491,0.5932496135249028,0.48055972845564976,0.6173857885338819
492,0.767152649765176,0.3584606002005446,0.7906080808878736
493,0.36597651659473607,0.5189169333852782,0.05953561914954553
494,0.018852805391621708,0.00862055847015708,0.010806644507424523
495,0.35632583814480334,0.483746478672441,0.7920110753773668
496,0.14662982529009427,0.46131700675790444,0.3254212928351474
497,0.9962058054014389,0.2565099380418818,0.5954711885208755
498,0.816396806166958,0.38820621834039926,0.5640030184003152
499,0.7321123516520883,0.5934777318354151,0.5031371398312521
500,0.6901058637996549,0.9443601833333622,0.10339040579131731
501,0.40135082680407475,0.3886809929306827,0.3523398750709914
502,0.8075876075818809,0.7623656997243674,0.7189883863568989
503,0.015358070910650001,0.9687939652973272,0.24617755819815812
504,0.6141397785251369,0.3052497232695356,0.1024202255350064
505,0.7958818268200991,0.7020809395094708,0.6392927652881628
506,0.0776390012619178,0.6566606753716706,0.8117428020601037
507,0.621957783591573,0.8882327569175468,0.8598591810564581
508,0.8285501483265498,0.35300369208332427,0.9799518153618068
509,0.10005405802132916,0.5137406007282939,0.6162949738165557
510,0.060013821829670855,0.7076512606041747,0.8220833588464528
511,0.38438315044057414,0.08539749722202306,0.8947702770574252
512,0.4308957631531485,0.5367527912593963,0.40903954203971293
513,0.5814998909087323,0.9394896225384762,0.3854474381015678
514,0.9190537470931478,0.5107903789027929,0.727966399411318
515,0.46625527816060475,0.23542659779102904,0.5367711030444537
516,0.22618818775086513,0.545888752603939,0.6123648070708471
517,0.02158703362905623,0.9496534229978528,0.04168969246222498
518,0.9743091352625226,0.4171559388475249,0.7609357092462479
519,0.7722195005457958,0.6151737015735106,0.9234429492067121
520,0.2482977387446974,0.383571739365285,0.8410372428982908
521,0.817249848631466,0.369486114574619,0.5371322308764992
522,0.01820251503564707,0.40272774914988296,0.6474244361251956
523,0.04182941806136464,0.7997539661587818,0.22156433083133875
524,0.8253509528916958,0.47029238445773514,0.42581807044710407
525,0.008285835959853438,0.45541634205951864,0.46942436357112194
526,0.38902535266003024,0.653173364369009,0.45344905774916333
527,0.664411975465109,0.7420577634531577,0.5747064126746186
528,0.39139546592113206,0.30349868047792994,0.7085934917560657
529,0.22530623117856885,0.26498573263919023,0.7196930424125211
530,0.9961873101512305,0.06762379401129359,0.13605694056924178
531,0.8274881927556139,0.36817759501066516,0.052986156286885855
532,0.15268878313695422,0.8687886081146411,0.17232012074253444
533,0.5523274149355327,0.08270702419660625,0.16043365977977508
534,0.4761729605767714,0.6714086620811879,0.16890059634407217
535,0.0931901276568079,0.2981738485639367,0.7777292673420412
536,0.2994413329210992,0.6521826780444117,0.5983499676258117
537,0.8097280580771887,0.467264158787809,0.7461641619958448
538,0.4410314695007447,0.05019652624397841,0.41181358336116314
539,0.6646870285704151,0.351325485883365,0.9092982711754841
540,0.793532193840258,0.8001110295590619,0.4807393936481128
541,0.9144923670536677,0.35241728656882854,0.3034776814972674
542,0.15960004187241372,0.37843216396227763,0.9226191974387826
543,0.42268988202444,0.48935720474091804,0.9711056693286811
544,0.6958823218427214,0.9072325440531108,0.17092261389746788
545,0.8526024703767897,0.9195475496163256,0.8031722001364391
546,0.7466136228154933,0.6738471583135733,0.8901335527344276
547,0.6764857248426214,0.7249333194147323,0.43335054167047227
548,0.6013642876953822,0.4222134421400707,0.7393166308175381
549,0.20152714815329897,0.25175988802646465,0.4230228160634324
550,0.5117959139834889,0.4049161429609136,0.6388023941828855
551,0.5154404898946281,0.5177779339154084,0.6969297325000605
552,0.9672155815104128,0.374521384582326,0.6871185468627948
553,0.9656179027480215,0.33336269009705766,0.28501026797925577
554,0.6163892592339636,0.04668067039442103,0.3941655862639989
555,0.7479737455745458,0.20919874131873273,0.9134750471253438
556,0.24711286160004153,0.3721017017151418,0.9287471866968178
557,0.13689137143940255,0.7147385172656779,0.6025764608890322
558,0.4659622369962103,0.5285910703189639,0.7188339373754135
559,0.8944663202577569,0.9529459475432863,0.1664735040582187
560,0.9040016181743614,0.701386980027535,0.8252105932003393
561,0.1770729270855269,0.6120894968793394,0.4527402592896944
562,0.6885769965820282,0.23323383625631222,0.6274539230642399
563,0.6244756584040727,0.9229798522391698,0.6387449387640202
564,0.27500735364580975,0.47206871919901994,0.07433729344652451
565,0.3126279424265528,0.19874007927679804,0.16295493885776502
566,0.8228626311762375,0.9868742308101869,0.03199801649904288
567,0.7659588572716841,0.6781296775085902,0.1734448583304784
568,0.2532753293398956,0.5859750451215667,0.21975784480815452
569,0.648749410435625,0.7213832203594321,0.6066452708787444
570,0.07958361147174464,0.7330127921947982,0.034692493950291725
571,0.8734800779691159,0.6711615697479039,0.6565544070783622
572,0.6841715315462371,0.4796709836118176,0.5158609492418813
573,0.6859992411385326,0.06657798503774182,0.8387580454865723
574,0.5458891930278719,0.7479272914167426,0.8685532088045254
575,0.18358670474013827,0.1565577444986972,0.7825628000192683
576,0.6065786223596061,0.5221405719833025,0.9295603940006274
577,0.018283610715159604,0.6067103809207214,0.4763415290536013
578,0.19035497911755028,0.6999693293283665,0.13810137592672278
579,0.3419895725898445,0.7844855174296377,0.6438910984998594
580,0.020427573826245826,0.387290177352416,0.33206650994756226
581,0.7149573275843973,0.10373297581655083,0.9233372211743838
582,0.42022559240669355,0.045605992669791484,0.7073137200327041
583,0.041887475775181704,0.1901511478863792,0.44459129177571666
584,0.05765136943009119,0.5885535571471011,0.4891654409754431
585,0.08136982064865816,0.913518665613971,0.6149433210736528
586,0.9222170369889309,0.37632205261857665,0.3661913049744351
587,0.1089293423835096,0.9431707137648696,0.3892426246958741
588,0.7821841519036482,0.16180312642838768,0.8056080454015911
589,0.749489389732678,0.9907814434836679,0.10793666284783032
590,0.02170512161690874,0.2939308820757056,0.7641467449641567
591,0.6304185675087448,0.33258766096835757,0.0879305300199773
592,0.8463360179279954,0.8482425929857391,0.5941504922264204
593,0.20472243565756032,0.4945873873546338,0.8730531149732113
594,0.04450070539284179,0.9372625021385965,0.6882080210238946
595,0.42349027488693347,0.5588001923284012,0.0027740685352485306
596,0.049761974752767224,0.37005264641745117,0.7623222407380971
597,0.22644341356052733,0.7129645241111984,0.6208124180328236
598,0.9419285542806204,0.005178253161455149,0.05903364274179779
599,0.9358422050361787,0.9114496541181636,0.6268359907605097
600,0.3796928519557847,0.9992101511190181,0.14112401981433875
601,0.4991316508915936,0.6038717400868877,0.18491799766760708
602,0.8671032316201409,0.06966991115098176,0.528522527046649
603,0.3814099814868961,0.22880173784005942,0.01776564887636145
604,0.7445670683869423,0.8230399056728747,0.4486654754890793
605,0.3561749109126108,0.9060228375233556,0.03891403014556605
606,0.7998035322745213,0.2072420496949332,0.8304833554390069
607,0.4972956899077531,0.4546698479555994,0.35217081564448816
608,0.637417143437765,0.8298908797029217,0.4532268908305558
609,0.6516961646521008,0.8603515106737805,0.40768352473308167
610,0.9004148058822361,0.8487558104483609,0.5292376950990567
611,0.5141592112107367,0.8355032085115368,0.30428253538054706
612,0.5577948951282159,0.14992028918960953,0.19531203094699423
613,0.17939027980788635,0.3107166813580675,0.046708987883797404
614,0.3200741568775408,0.7761711806723011,0.3755127333220585
615,0.047786956609200626,0.6644277124522437,0.6248517759915216
616,0.5971933565525115,0.44585415621018265,0.20076960736632476
617,0.8095868637121942,0.4416060949340803,0.849971980863668
618,0.32543615067501674,0.7170379483848343,0.21157555759584157
619,0.615249946282812,0.7788807611354637,0.47229849461251183
620,0.043023447049060026,0.9337669118857418,0.698662205665283
621,0.32658484773352936,0.4483996238422985,0.9292466909803985
622,0.6968202320419256,0.15075989306141646,0.7214969784513027
623,0.5475508589405197,0.9650558673477493,0.2388604584311721
624,0.48158099914155206,0.26221459446170636,0.6709638955255665
625,0.26357519595086465,0.5661844824727547,0.40051941270812863
626,0.6218877667827332,0.8952637254254616,0.8986455073178936
627,0.46295105193760666,0.8664593248257515,0.8963462221010843
628,0.4228097135785994,0.8691501401341526,0.026470672500415904
629,0.44189195554961935,0.21026587091606785,0.9962695351906348
630,0.34222070880421873,0.7589257656176722,0.46445210845677065
631,0.3597365262527965,0.30949879487418575,0.3504952311489056
632,0.709454987483507,0.2899738893310163,0.905533105885884
633,0.9772782505945119,0.8853201341226659,0.10700740557678556
634,0.4089172143110129,0.5013635758563924,0.7344789917165355
635,0.35591967078643205,0.4178493635437983,0.5584632210648992
636,0.506653009948968,0.2854015428211871,0.2086095477867922
637,0.8305959057258532,0.7821882135061269,0.9698054688960859
638,0.44533991818265706,0.7685496424945145,0.38267325154973175
639,0.5850571842987693,0.5980982400574794,0.87475818466053
640,0.4278961754478582,0.929208331982746,0.010105337032202955
641,0.8670635563333217,0.29177192076534153,0.7981289731308919
642,0.6812083776838274,0.13236999181936115,0.6751724264070256
643,0.08726411012247681,0.9868998985723241,0.9293800997445483
644,0.011482685686904248,0.24707995483690615,0.7577961251812335
645,0.4234657619578418,0.773373495244203,0.5060553298840679
646,0.6391532790122221,0.04144174613929785,0.6225254480187006
647,0.9055502934042416,0.8215605054144681,0.560129645468657
648,0.5886150436491188,0.2888464997157564,0.8482175773960298
649,0.7412964370045741,0.3957564385489277,0.053867369165738754
650,0.2057644408344803,0.23456555699679882,0.6424249279424147
651,0.13607104158632644,0.577499537067032,0.43721392796599245
652,0.5572748231245679,0.6589089797514653,0.413383656779001
653,0.16033392161390592,0.5885215288346478,0.3547667326712912
654,0.9434257640764454,0.6634416700310334,0.9276079112782686
655,0.7217199403877111,0.9753779357089043,0.007802738172639545
656,0.3668745202279733,0.10853796090634249,0.6912993932416636
657,0.36927744858383094,0.02839963579589533,0.3123068760531771
658,0.007075934002048423,0.6222855529206245,0.1295549990585534
659,0.17820738266544545,0.4141228400450817,0.12823265647323778
660,0.8710999546316934,0.7955298872984256,0.23204992769305588
661,0.08957802993949515,0.5784300260177553,0.20384408000413612
662,0.5337543946477527,0.9675623914629302,0.16843678334531376
663,0.35871121521964966,0.7870779040621508,0.044685216609236855
664,0.01908360574450818,0.9823785347110918,0.3738066709068173
665,0.03398248752212352,0.4699964233527719,0.26644683404902014
666,0.5429034455016567,0.42641494883261677,0.28657317596370535
667,0.36919001697750586,0.5606015221140038,0.05437757579123892
668,0.5767959488402641,0.699860771465208,0.7116512108350005
669,0.8275952344773715,0.9382950428542364,0.4394316270829548
670,0.7038938285240617,0.8315003285380548,0.9410183368495322
671,0.5035009020450615,0.5185447315752937,0.6160037505721667
672,0.7193483230132496,0.06383204615168747,0.187555912104871
673,0.26413846185956247,0.7408442834294683,0.2003621288787545
674,0.25983805449401387,0.9886996884083025,0.5390918670865498
675,0.9943632343150791,0.47215588451888757,0.46254135791438833
676,0.11093037327943556,0.09883753328410727,0.14365499876107157
677,0.17103428563467438,0.3677323281951338,0.19761850305556417
678,0.6328293489540796,0.8973173083365976,0.6301142066525696
679,0.16659009472540265,0.21816890611433049,0.4052147272116198
680,0.5831650988927801,0.07818184622348479,0.15907862528531214
681,0.894982418966544,0.06894651593527079,0.6181141431713542
682,0.5567866747168007,0.8478992395243238,0.9209686700924777
683,0.23188876928251712,0.5113462521200799,0.9167788684469119
684,0.002075848071828479,0.9601778275225185,0.9763281410926659
685,0.1693037144457793,0.7445470591737945,0.5479813315979312
686,0.29095994266750436,0.07456315424095694,0.383665446458483
687,0.3837581953504873,0.9132891613818305,0.6714686427289974
688,0.20423315485322246,0.7060768516696223,0.8087482881829504
689,0.5121552271396753,0.392222130726693,0.6727924228309624
690,0.6805715598604547,0.4564746512351632,0.4704364053641866
691,0.2017182130138635,0.2752915223665615,0.8163043277461038
692,0.8862909624064125,0.5173507659742278,0.9653534035369513
693,0.8450180192077772,0.7985840650756403,0.31705479339748965
694,0.34560665141194347,0.5744275445496713,0.8965657547557015
695,0.2740542441011782,0.24470802652888723,0.8314779096843798
696,0.19044892742742392,0.9526379291991791,0.5438437915643943
697,0.20799146336384622,0.07202466539962904,0.7535153421912469
698,0.36855555646845395,0.8375476341399061,0.49591801410982195
699,0.708768698789997,0.30135274584157357,0.28886790058966016
700,0.41306277456347806,0.6157371167075694,0.963780642258287
701,0.33192020137977596,0.2062316247212176,0.39498657718621244
702,0.2927303564906124,0.3044587064119494,0.2546911240755626
703,0.2891943253816496,0.3761598897084282,0.2942052628041266
704,0.9688053480790925,0.03758470937266456,0.7643177679697567
705,0.6784112547631003,0.19588938295024172,0.07684162866708555
706,0.6709735949148989,0.7246649844077779,0.3886254317631671
707,0.396479398273341,0.0669532610765815,0.5313081836750281
708,0.8778052059145962,0.47873265350114325,0.1597485014381138
709,0.7367307327293372,0.6598955701740865,0.3161220176855718
710,0.71027368320832,0.07515955513787953,0.5301610467126907
711,0.2891575240253882,0.11023677003338506,0.079803834639249
712,0.13028297132719835,0.503788979536392,0.4235898843747966
713,0.20638571691694596,0.6914625321635983,0.14173958577224588
714,0.006622082309639454,0.9401599830271169,0.8311046109628518
715,0.7547330859115197,0.7496390255826288,0.6890895881596893
716,0.9137249025697977,0.869764656588622,0.506497348313793
717,0.657328845816416,0.2036063682896787,0.22919724415159926
718,0.7131068174822357,0.6753690488223093,0.13623586056611692
719,0.19028040866211715,0.7793182542621705,0.8469605287367424
720,0.7941963257587502,0.5236965043999564,0.7388520454686647
721,0.7523043534912557,0.46343251627225224,0.05753612076800063
722,0.0646682870035542,0.745985138003415,0.10707110672934339
723,0.9255471771221095,0.42207556169247007,0.47767004774014665
724,0.11698838714681903,0.07627278573173413,0.15777568561654742
725,0.3442895916012936,0.010084705679255457,0.009498588453157542
726,0.8366843759332437,0.0016863885152778035,0.02572131159585489
727,0.498858078785675,0.01926908179950193,0.200308044373801
728,0.8048829127316339,0.27122201437445614,0.13502500254563043
729,0.7566345803265184,0.8554216672170295,0.6231992972076211
730,0.3685909721187709,0.11024821069128499,0.993370965616539
731,0.2968829430664116,0.4467410113890774,0.08320773323799346
732,0.5746682114405108,0.6477599516166526,0.1278845889572363
733,0.9070639997230093,0.3644601747926176,0.3481697148900046
734,0.7217760220309719,0.21430714999480305,0.8007397463685837
735,0.14861731779427922,0.05154771089916632,0.7074892281491867
736,0.5190596998959212,0.6236688692041641,0.6410045188551713
737,0.45410969706758664,0.3271460645860723,0.5264978015548484
738,0.9838794148005179,0.5040640696746035,0.9068190671663778
739,0.542141340971182,0.2868948563417558,0.10435523712861039
740,0.16120272780204925,0.2054031075031656,0.401914783240942
741,0.4424614921449096,0.3752209606594812,0.021033540988571242
742,0.13836413757769228,0.037266907253420856,0.24501195405915344
743,0.5477822365576438,0.8693136900368476,0.02668339894371219
744,0.8681650638149075,0.5288677808825258,0.20776163170503026
745,0.4335327425579345,0.9043390236573511,0.227476998924378
746,0.3779113887023262,0.06346962846052295,0.17886832289739862
747,0.6317770947114899,0.7438621164625289,0.2643373654054886
748,0.8484767170511363,0.25459300769251214,0.20610121934667136
749,0.27006255475541796,0.29511728974879037,0.40257258107196314
750,0.09724789394674349,0.12344917781249953,0.03580207376812872
751,0.020961658670891503,0.9137894250633724,0.7391154689434133
752,0.8153290499873889,0.5647493530529637,0.31899440038249804
753,0.30207908374549175,0.4382368695655243,0.9367350188008383
754,0.003751747672763206,0.08851590244992946,0.7488021368681451
755,0.03682596429650664,0.9274883249024749,0.7422722495809991
756,0.009439481541772432,0.8581912447419477,0.21832858615686457
757,0.5578674435941542,0.6247873287139056,0.8034758124516784
758,0.8404006649709732,0.588197532282917,0.5859724023436848
759,0.060184652955217355,0.16575627890563605,0.21053219506112886
760,0.3655091624150607,0.3305861241944563,0.969470815305418
761,0.08362805620345659,0.18734778316784295,0.4029350341972334
762,0.06470422156468714,0.9399044574896835,0.02735064579386859
763,0.23176755127698945,0.6326255206463703,0.8054239736637455
764,0.5528665050452239,0.4706071156130619,0.19498570426838013
765,0.053148238592442665,0.22670613528822847,0.7689104983884159
766,0.18125845929969675,0.315784587213663,0.557947433341839
767,0.2996783187780584,0.9380159935461473,0.6087134605125599
768,0.35185797939479535,0.7112528871294348,0.6538027760883102
769,0.2169326089847663,0.39952579946886746,0.14368874814486876
770,0.1404104073465614,0.4245166359396818,0.30679579366832377
771,0.15310622598896884,0.22476056425086954,0.25043363582099765
772,0.8728653575590034,0.7854409123106701,0.7220985996447485
773,0.983257084366722,0.3866419457705411,0.801521354443384
774,0.21351877660464413,0.7146899164540313,0.17949208708005038
775,0.667629262261725,0.7639652643647745,0.04329640549689151
776,0.32799456205940736,0.5576705164593881,0.9406399944504275
777,0.2925926936012917,0.8851243401877656,0.5524082342707479
778,0.47579959524688387,0.3126951965440661,0.25931423709724866
779,0.5722413124632917,0.8170722849644332,0.04325847947943107
780,0.9873740542329716,0.8428664742498578,0.31709089454522743
781,0.9407656684760652,0.4797323617089332,0.20595546723765235
782,0.3379685211895216,0.6598363170714939,0.25083760486365214
783,0.8083313793201476,0.4197157515712576,0.4627121130923234
784,0.15815493388860458,0.2915281806419123,0.4178081345314404
785,0.8109780910388902,0.7941813637955387,0.6277001877791363
786,0.6174902732922667,0.2987432882030874,0.3581485257003517
787,0.8072152521264324,0.16912617764090043,0.9124857115842847
788,0.6385538329181116,0.13741172539351465,0.841934633039879
789,0.45372747727648755,0.7753307321792964,0.3075849941817048
790,0.6277330443149219,0.6431766781705924,0.7783898362189455
791,0.09984295671771914,0.910500500489003,0.14318589055558495
792,0.9689373924848672,0.8546049665914389,0.22177146377866586
793,0.8252796713898586,0.40361194652645704,0.8052688075566523
794,0.8349737866064703,0.5680650901695378,0.8316207062411923
795,0.6244791713907833,0.058364445172565116,0.8947091499269407
796,0.21628985964514824,0.5714951545558454,0.26130495970349954
797,0.5322971525074741,0.32214149692568617,0.8353094288084488
798,0.8766657962529086,0.07830156982704917,0.42741986158738765
799,0.8912839149177332,0.5269585935880244,0.5444702133509782
800,0.8379100792170034,0.29729663762877956,0.4369296867909277
801,0.4960278408689909,0.27406053401818575,0.2606772623534712
802,0.08843378349987674,0.43779345715720164,0.5125691929820161
803,0.37341260950826516,0.8533496313364671,0.28394946883254824
804,0.5967448870190704,0.9724774059570678,0.4642384378622997
805,0.7570864936129696,0.750598015969876,0.7436019842931555
806,0.502280458337244,0.2915971456030151,0.5559667936165104
807,0.8461941106646717,0.27968553165672716,0.5109390413540251
808,0.4035645085954598,0.6753539049510877,0.008191227609104956
809,0.3044360377954234,0.23922930605287063,0.5175735181612037
810,0.4367995872052626,0.04438817389182259,0.89048414726698
811,0.8797747784930483,0.5946961120999007,0.7922897345513316
812,0.6949456928608855,0.2525945756474147,0.7743779377222753
813,0.10091901972724127,0.09118780114332703,0.626424826247977
814,0.8477288690747561,0.39006971583309,0.8978934485410967
815,0.6696767280512296,0.9061039087662316,0.4690847700334885
816,0.4231814199480586,0.3289740183175319,0.36659710494887976
817,0.08971624094045438,0.5369646411722944,0.7677740945021664
818,0.07378462277066922,0.5855165330029706,0.9198834790543644
819,0.8597581839169937,0.9528381243978252,0.6533220243459582
820,0.5827271463281819,0.832592891354417,0.008486752607521741
821,0.9333927368836726,0.3024323449568894,0.8517909703138009
822,0.9577373016197454,0.6074495210926989,0.20254729483374256
823,0.18862977549005888,0.46030625542287484,0.8222218369569821
824,0.857475934945865,0.15811065967657256,0.7548283638590917
825,0.38713817991008526,0.10464086294668784,0.7221675666037547
826,0.6664699063030252,0.22965452608712866,0.9463306812197699
827,0.24406423481945616,0.7960899303512473,0.3076129880665368
828,0.19953307208546123,0.3822069284373162,0.3103210844972619
829,0.9223723681491942,0.40076385803853376,0.9137540212143352
830,0.09608986355984639,0.7356412977470764,0.5225077628006501
831,0.030392467286996072,0.9318655218211398,0.7435366845914724
832,0.8725919798665207,0.6645206926568813,0.12943699309329904
833,0.29412608624706205,0.4158215335719829,0.9902606069739561
834,0.5037622804183959,0.7953775230964141,0.8367840653066408
835,0.016695093971392128,0.646216649771885,0.4177334096861385
836,0.7081826933429608,0.5718742720737412,0.39566579055033724
837,0.02004797380484269,0.04470962742497664,0.0002421917581223454
838,0.9530999776879874,0.9186031314266689,0.08168435515862749
839,0.31001722235438844,0.3995104408821736,0.727326644862098
840,0.8775884091748837,0.35582549870710545,0.38825237532299306
841,0.06136222699663896,0.9740194855982821,0.4963493273512537
842,0.9103468579931387,0.604110132309627,0.8523890700474599
843,0.09504134655159147,0.7477655204977034,0.6475874690258893
844,0.27680193267013364,0.9320452208239366,0.17216668494051268
845,0.6926350653706256,0.6739832946931997,0.2861854313693398
846,0.08334939031979072,0.012826493212526158,0.41808729916456366
847,0.0058312276882750425,0.6280331907032772,0.614539671738578
848,0.9696643683462298,0.48851619202884666,0.5805208267246097
849,0.6084276730132248,0.3010729161045623,0.9122333962220351
850,0.3253881216520601,0.13731198962617663,0.0795009355826749
851,0.8568041905818725,0.042713038824086724,0.5853909177311127
852,0.27809988808892816,0.7180839904129014,0.19788179780754567
853,0.6137272359294805,0.1455706096410987,0.15521924899885375
854,0.7746016367806581,0.5283193475511386,0.6625978714458584
855,0.28889199001488775,0.3691696419279593,0.3930551364600252
856,0.6000738963466963,0.43631672830836166,0.8595367021924495
857,0.6826802573918997,0.8492797698202105,0.6243054052340744
858,0.2553829292237988,0.48786964907730057,0.8056065446386571
859,0.9168743742279862,0.6231052564075875,0.6508276853404393
860,0.3139261531830464,0.18890886532115414,0.45553833334026816
861,0.7594478664559148,0.41426997856545866,0.38736323677230977
862,0.9898528494106521,0.5996695581096281,0.5200966622339688
863,0.5594834499633438,0.8548713235485019,0.7944784252355963
864,0.33904613648061754,0.055162216244392215,0.8885617480653542
865,0.8961704341246479,0.6592399682314106,0.6909070984076112
866,0.028919834623061802,0.16673047910414263,0.37438096106987406
867,0.23164759766252063,0.29739371579074203,0.7592611019251531
868,0.5571514875374219,0.6567900795809166,0.9285426760202663
869,0.0478629582436475,0.10092613509568871,0.011273901443190404
870,0.8954025042575834,0.13201759666124857,0.8022594762348442
871,0.6404576317576691,0.9946601385304772,0.04253760782119442
872,0.7511894570546486,0.6411988892258972,0.29909547657087676
873,0.30941558623598153,0.1657625429558789,0.3938958968059687
874,0.36686477099003545,0.8874714587794289,0.6434082653477008
875,0.13962605024954444,0.18794187072569157,0.1040703994869765
876,0.49240845806965294,0.9407771352563302,0.5825100289649447
877,0.545622807371412,0.8133406934893128,0.492197952796146
878,0.7199334788237213,0.5710570519426519,0.7453144054075077
879,0.8458551338747521,0.24143525752515693,0.7068983794547098
880,0.44184824551348234,0.8209695284743741,0.6948123460760021
881,0.030060170011289467,0.6287740134596196,0.726479307910062
882,0.7676163857813837,0.45512757050063757,0.7102000759199159
883,0.9005240215817311,0.3221942452513651,0.5144936341711897
884,0.2212481935696924,0.7990185994436431,0.5997018417065817
885,0.7605586734142651,0.09051867111451561,0.06649053516418468
886,0.342370416392325,0.11113699021055323,0.5532730252896131
887,0.5788922363178391,0.19063898580995453,0.5208191517313174
888,0.2697244603901797,0.08122835321562416,0.4143854465261493
889,0.8847293805845654,0.960718653776053,0.666177247145608
890,0.018633731290898292,0.6256168964012777,0.7776698747019157
891,0.5850815069741604,0.19371553084776516,0.44290691712217856
892,0.02024580894295569,0.8845890429574654,0.06219789541762977
893,0.6815590080038827,0.2997125547227164,0.3662688307658716
894,0.5466915368014444,0.12411950658773996,0.22231139715325476
895,0.8821482975919801,0.3845430935922235,0.33385502986943216
896,0.2846968278648969,0.8073075238118742,0.5298224782322737
897,0.10257414829622025,0.9539086078244962,0.524999619229472
898,0.07644223423808316,0.7358175679500885,0.3793492020304643
899,0.3282745729925841,0.49225180395445145,0.4255740937682434
900,0.6717797323163327,0.49239534092993587,0.7046604916634156
901,0.24136746628707018,0.948891590232166,0.27371566263436753
902,0.19330095825810056,0.23890122852659812,0.5673349922859362
903,0.400070447472863,0.71015894242215,0.4531076870379992
904,0.6560567935614678,0.18537225203052232,0.7766309164267369
905,0.1198420773573542,0.49975632905092715,0.3994425952325722
906,0.5547415743116902,0.22937103010897109,0.5143575462637846
907,0.12892999677952532,0.33828029037658114,0.5075740842031939
908,0.738249116541547,0.04482644081786702,0.5596212922534143
909,0.8476737336038658,0.1194420400157975,0.6898760273626096
910,0.7750693327867033,0.7287555012729162,0.09489861107677111
911,0.04245832572995745,0.6557379714941688,0.21938253482077352
912,0.26737723293853743,0.40156281583865294,0.7021866380363707
913,0.2643413229025873,0.21931895520980227,0.48811079597720974
914,0.41764524194143493,0.17828692116975442,0.4004360172240836
915,0.24982472398460343,0.13004805268349573,0.279635393893762
916,0.53516449358834,0.04944033635756062,0.44583596855823493
917,0.7652697208066681,0.7764899518201381,0.856209475144677
918,0.6775802592144311,0.16420433760157183,0.49420913783547626
919,0.39348705096042014,0.492293191094307,0.34516789779951107
920,0.4193706232177733,0.1137437583146943,0.34420098253021836
921,0.8511809375865692,0.1265022033528479,0.42449162863313583
922,0.6990190003255701,0.8024102512029289,0.47421338482437825
923,0.3546144057562106,0.2661285980091179,0.7514492638247333
924,0.03718207095396575,0.27645574755528235,0.5948714407525958
925,0.8097345935957738,0.48069995149055234,0.3003479187902619
926,0.8688502931762392,0.16905678564942161,0.7788799969951117
927,0.7335263639470866,0.09121816197492827,0.7334836114839046
928,0.18871884120432536,0.7371681558690231,0.6626967437784208
929,0.2200167113211574,0.18716557578397652,0.11765204113801053
930,0.3987255411885824,0.6537809719314955,0.8958276399298379
931,0.46613704545825174,0.18647709519872147,0.7515879255843814
932,0.664191771634755,0.18099055896432037,0.7255064914624123
933,0.5379118115380244,0.4758236221264158,0.9636879008574162
934,0.6804733276970862,0.5958102824192377,0.6807364585622956
935,0.048822998234737014,0.8956087148650436,0.535820346109979
936,0.5263137363792671,0.6264853715936868,0.48641271393620744
937,0.006779763252870108,0.00009436250017402781,0.45741271512736437
938,0.349858751651109,0.5217358148521856,0.4276613416725191
939,0.2884001727758718,0.6163814603021939,0.12691599674009912
940,0.06831355690847829,0.3753637544222137,0.5793320392261323
941,0.02843433225362335,0.8823991024333674,0.7057951654400999
942,0.7151750165809576,0.01498661856354866,0.45310669324987296
943,0.29517502217275404,0.0462471317850478,0.0562119112207875
944,0.8698436957071678,0.968602087346911,0.48854970377361895
945,0.8728637685206534,0.1932113436767482,0.7403548643887439
946,0.8035213882658617,0.5842188164782788,0.4073009219353918
947,0.7757740716200495,0.6184152619435008,0.9407909454009868
948,0.8449901619724369,0.09449316272959463,0.5348265780112722
949,0.3229495679195905,0.8032087255588448,0.4310593582488149
950,0.049407903050520785,0.6325449336389505,0.6980763759192613
951,0.06582350767730483,0.5853031721703108,0.5009517737407104
952,0.21230844965951223,0.2175727550053964,0.06901862473601195
953,0.11306875843272413,0.5663681350773125,0.7097831492490244
954,0.8904215978868696,0.7838393414506811,0.09996676440487706
955,0.659954574699316,0.8862907938082184,0.3356176853704561
956,0.09430887177663316,0.9884774296139908,0.6693875650191109
957,0.5272863212824039,0.7632011173823225,0.7652192345743057
958,0.6788067492900677,0.0763511586774317,0.4070325876347939
959,0.906294186051154,0.5505736597720946,0.22797853682140978
960,0.6869437681232053,0.8349890254121056,0.32086313359584695
961,0.2219873188750513,0.2834928421507441,0.6076241875201498
962,0.9810942066704131,0.8932707817680422,0.8967294791548198
963,0.037052110434301455,0.5505540659582073,0.14922233141734054
964,0.045558493496721364,0.998071778938429,0.09930587529803436
965,0.8124879881762582,0.4327742434486598,0.23083989676922723
966,0.12846731496230934,0.7976782941154483,0.3926155334340602
967,0.956737125778865,0.5414990046625138,0.126876359407609
968,0.2520537005995289,0.15853084478214252,0.1679354395611271
969,0.839817255051482,0.627493206744188,0.7708819104716232
970,0.6486262694762752,0.9546545618078159,0.8975834300646113
971,0.6486544280565468,0.37173236495051654,0.37031906290591776
972,0.07560704689181708,0.20853903826626907,0.3922509550433104
973,0.15807573575920242,0.07929158533823433,0.9818449330857602
974,0.9237749183805947,0.407586019718862,0.281481756315482
975,0.8020296626302672,0.20694593843957976,0.45613261443063435
976,0.5486888322636647,0.874030476990037,0.6412625069256658
977,0.1371967091816565,0.40123336666356757,0.9607565032929243
978,0.08165831014374392,0.6320108602959671,0.42214065048505955
979,0.1662401674399353,0.9282409462865295,0.8338439777838575
980,0.5164055255746116,0.8956333227984647,0.15259329265926735
981,0.10096094327582517,0.8274680708750964,0.004406107742774168
982,0.4528486700751536,0.9192017061165018,0.017474577063722463
983,0.425839158118276,0.7338521323974802,0.2094049974246721
984,0.027573645594151652,0.5083633511149726,0.4436688758342353
985,0.8734021041216219,0.031240907143551988,0.6995286552744435
986,0.6875754126672814,0.13670963835458405,0.48354013979911203
987,0.6282517521756853,0.5397644724012232,0.2598067884827907
988,0.6823404011210101,0.8072100581013913,0.06353370212103338
989,0.27007785236788606,0.26974040063625104,0.6484235943838791
990,0.9661237295397735,0.1884660765028634,0.014351139334905838
991,0.8564009499721847,0.43714586028073765,0.6344299361346081
992,0.8682718520265521,0.43655263906317876,0.4523209295688764
993,0.7546580857728629,0.2668478311079202,0.24782969377351005
994,0.7677340221946077,0.1865740714645444,0.24553809210110533
995,0.41849842771571266,0.5974302034494569,0.1905454126643481
996,0.6161352388962872,0.49877523931930257,0.9304436863583553
997,0.5936929917160094,0.39555104220644544,0.4196374697949673
998,0.5181457517530809,0.31384576668711717,0.2464422375907328
999,0.5403549525450569,0.3079428917620921,0.7725853411050199
